G,Temp,Vmpp,Impp,Pmpp
1000,25,30.0572907975598,36.5788057972165,1099.4598028744
990,25,30.1170494419658,36.5095811964467,1099.56086199885
980,25,30.1198195927998,36.5055671700084,1099.54109729349
970,25,30.1422346407031,36.4784471397256,1099.5419130141
960,25,30.0965972695854,36.5337510301086,1099.54159150048
950,25,30.1057597694499,36.5227913400085,1099.54638219204
940,25,30.128661452851,36.4950862868132,1099.54809942798
930,25,30.1380969815262,36.4835919154413,1099.546031382
920,25,30.125730423287,36.4986702194266,1099.5490998389
910,25,30.1001738485769,36.5294931551989,1099.54409457189
900,25,30.1267020871293,36.4974892263939,1099.54898485178
890,25,30.1203030323269,36.1393963521034,1088.52956953072
880,25,30.1233600806819,36.1356791243234,1088.52807402197
870,25,30.118937433247,36.1409853818258,1088.5280774911
860,25,30.1299763327658,36.1277003281941,1088.52675584574
850,25,30.1106858528661,36.1508591934097,1088.52716448395
840,25,30.1333140252759,36.1236655239911,1088.52575697846
830,25,30.1288446410755,36.129065202061,1088.52699250018
820,25,30.1070024786271,36.1552505267935,1088.52621722555
810,25,30.1284673674892,36.1295201412751,1088.52706857945
800,25,30.1216048182403,36.1377809223076,1088.5279559499
790,25,30.1299813964396,36.1276922316719,1088.52669483657
780,25,30.123650571378,35.7693206324164,1077.5025159065
770,25,30.1087491766045,35.7869855027304,1077.50137028849
760,25,30.1028721296761,35.7939107833243,1077.49951933145
750,25,30.1192601335067,35.7745137933179,1077.50188709067
740,25,30.1253930711801,35.7672076220576,1077.50118867299
730,25,30.1353261281426,35.7553185575797,1077.49818554829
720,25,30.1183431490797,35.7756044936737,1077.50193250622
710,25,30.138906412293,35.7510155986562,1077.49651327233
700,25,30.1394659271509,35.7503424848722,1077.49622920678
690,25,30.127923423914,35.7641854233593,1077.50063975363
680,25,30.11627832013,35.7780572457605,1077.50192976687
670,25,30.0950943674828,35.803050175652,1077.49617367997
660,25,30.1138462003564,35.4146522877685,1066.47139223296
650,25,30.1194580545739,35.4080418347456,1066.47103083622
640,25,30.1245361687095,35.4020444232256,1066.47016767372
630,25,30.1375071998449,35.3866493591986,1066.46539984124
620,25,30.1098083514373,35.4193825332387,1066.47082000206
610,25,30.1166417603183,35.4113561598398,1066.47112771293
600,25,30.1131805420305,35.4154252595121,1066.47109481248
590,25,30.1167292762176,35.411252700147,1066.47111090205
580,25,30.1100910552695,35.4190507311579,1066.47084260637
570,25,30.1167616099697,35.4112151408532,1066.47112471642
560,25,30.1524632660006,35.3687528244953,1066.45502030485
550,25,30.1217406382257,35.0389866631876,1055.43526849478
540,25,30.1079969077627,35.0549892057355,1055.43550660794
530,25,30.1167241613337,35.0448311623857,1055.43551339808
520,25,30.118659909604,35.0425725075588,1055.4353237128
510,25,30.1112371750164,35.0512228544978,1055.43568464614
500,25,30.1193195249163,35.041802877939,1055.43525760977
490,25,30.119917914745,35.0411036037059,1055.4351641857
480,25,30.1087213834365,35.0541468807551,1055.43554176671
470,25,30.1080198970783,35.0549603872886,1055.43544483178
460,25,30.1148063975568,35.0470685511145,1055.43568421871
450,25,30.1457994105884,35.0106237588863,1055.42324107497
440,25,30.099355921164,34.6982401407435,1044.39467983426
430,25,30.1215679240104,34.6726413511542,1044.39432156364
420,25,30.0948703269536,34.7033531474178,1044.39291288202
410,25,30.0804452359156,34.7197486029977,1044.38549645723
400,25,30.0935309419479,34.7048810016172,1044.39241025879
390,25,30.1265713838945,34.6668284149411,1044.39268089595
380,25,30.0808742562987,34.719262549539,1044.3857710241
370,25,30.104482646908,34.6923498836118,1044.39524505165
360,25,30.1059289835431,34.6906895670309,1044.39543649517
350,25,30.0967807129991,34.7011717439836,1044.3935564628
340,25,30.0760689766865,34.7246956973558,1044.38234298812
330,25,30.1120134205648,34.3169148038707,1033.35139912653
320,25,30.0911186253423,34.3406349404265,1033.34811966195
310,25,30.1038343987262,34.3262232066122,1033.35093894557
300,25,30.0859758569754,34.3464273170147,1033.34578303307
290,25,30.1081848927022,34.3212684709131,1033.35109687432
280,25,30.1229328110994,34.304379610846,1033.34852214396
270,25,30.1219666682076,34.3054898777264,1033.34882263341
260,25,30.1062855807773,34.3234317379175,1033.35103801406
250,25,30.0924292794847,34.3391494991899,1033.34842782203
240,25,30.1214461889784,34.3060878507758,1033.34897915151
230,25,30.1000486334865,34.3305227658748,1033.35040486585
220,25,30.1114021892135,33.9506607845895,1022.30200147433
210,25,30.1173560158751,33.943899693586,1022.30051163888
200,25,30.0697764209033,33.997204725057,1022.28834501814
1000,26,30.1418258284814,33.9158896345379,1022.28683818224
990,26,30.1079895327251,33.9545062721876,1022.30191943187
980,26,30.1058268793635,33.9569490767107,1022.30203025481
970,26,30.1056073038702,33.9571960742321,1022.30201015136
960,26,30.1414430164794,33.9163307167787,1022.28714962786
950,26,30.1060867614995,33.956655540453,1022.30201783123
940,26,30.1018041603074,33.9614835978399,1022.30192825567
930,26,30.0692416954192,33.997795926914,1022.28794283791
920,26,30.078523196184,33.6201078992566,1011.243195306
910,26,30.1052585214006,33.5904317978157,1011.24863311872
900,26,30.0914360005699,33.605817498529,1011.24730650382
890,26,30.0913352858906,33.6059295446332,1011.24729352158
880,26,30.1070548989663,33.5884152846972,1011.24826294566
870,26,30.1128649649998,33.581901351754,1011.24726067331
860,26,30.1029254807286,33.5930318424689,1011.24853422559
850,26,30.1129887203581,33.5817619530922,1011.24721890321
840,26,30.1035988657808,33.5922786175469,1011.24848049018
830,26,30.101709175723,33.5943891119771,1011.24853098481
820,26,30.1156177193818,33.5788062107134,1011.24649131505
810,26,30.0978028427513,33.2313830460029,1000.19161511054
800,26,30.0881312384181,33.2419967922282,1000.18956211163
790,26,30.1015907476816,33.2271701617626,1000.19067791295
780,26,30.1064315468993,33.2218082087916,1000.1900947022
770,26,30.106149531034,33.2221206619813,1000.19013238766
760,26,30.1062241057831,33.2220378381615,1000.1901164065
750,26,30.1061177229746,33.222155759655,1000.19013231117
740,26,30.1060941226266,33.2221819191963,1000.19013581835
730,26,30.106050731976,33.222229944571,1000.19014014063
720,26,30.1114546877145,33.2162289680731,1000.18897346888
710,26,30.1058789014589,33.2224204341799,1000.19016640477
700,26,30.0889369718191,32.8735142186552,989.129097367317
690,26,30.0982692865541,32.863304171144,989.128578589029
680,26,30.0977532329946,32.8638669123588,989.12855661015
670,26,30.0946827382337,32.8672193400082,989.128538525486
660,26,30.0917117256855,32.8704594785196,989.128390918438
650,26,30.0932432892672,32.8687904331764,989.128507129514
640,26,30.0944620040681,32.8674606080227,989.128544438345
630,26,30.0939556754372,32.868013037252,989.128527482755
620,26,30.0916777480123,32.8704965061807,989.128388281152
610,26,30.0922779179332,32.8698428359049,989.128445736838
600,26,30.0920063022612,32.8701386977051,989.12842084754
590,26,30.0866429832721,32.5082169435448,978.06311720319
580,26,30.0891777384275,32.5054502066228,978.062268734678
570,26,30.0958639690685,32.4982222890613,978.062077248139
560,26,30.0911527112052,32.5033130036663,978.062155213427
550,26,30.0984572445142,32.4954118382358,978.06176385602
540,26,30.0991281475878,32.4946843406337,978.061668084149
530,26,30.1021689822777,32.4913838238431,978.061126333369
520,26,30.0893263097937,32.5052834363738,978.062080109382
510,26,30.0973376595628,32.4966249019929,978.061892471438
500,26,30.0888643990984,32.5057809677857,978.062035726496
490,26,30.0968752551016,32.4971256683273,978.061937389005
480,26,29.8919051158435,32.702768471663,977.548052180351
470,26,30.0890068081673,32.1377159329132,966.991953504372
460,26,30.0792136746073,32.1481402040644,966.990778439287
450,26,30.1088238198012,32.1164079209012,966.98726781528
440,26,30.0883106123277,32.1384481443196,966.991610364477
430,26,30.085878910466,32.1410427834986,966.991521240448
420,26,30.0904773019105,32.1361330446451,966.99158195107
410,26,30.0961609072624,32.1300453585752,966.991015069319
400,26,30.0912517908544,32.1353050803619,966.991556549092
390,26,30.0881797377149,32.1385885479317,966.991628746633
380,26,30.0879067021877,32.1388799962332,966.991622839471
370,26,30.0957287757627,32.1305086423441,966.991073527287
360,26,30.0866834132717,31.7721070711656,955.917326822731
350,26,30.0841827833451,31.7747391977162,955.917061917214
340,26,30.0826741712007,31.776329507281,955.916966924243
330,26,30.0877063323905,31.7710131763998,955.916914334025
320,26,30.0849160037928,31.7739630153574,955.917008424646
310,26,30.0840309661124,31.774897669742,955.917005441572
300,26,30.0819878695773,31.7770531519827,955.916927448856
290,26,30.0735815330027,31.7858960767758,955.915737264467
280,26,30.0856377510008,31.7732006084595,955.917003695991
270,26,30.0979117606356,31.7601835573898,955.915202211906
260,26,30.0982158750501,31.7598598649037,955.915118375211
250,26,30.0846652620975,31.405994311585,944.838826087372
240,26,30.0916848774401,31.398612529959,944.837153840369
230,26,30.0797939713492,31.4110644698941,944.83834767518
220,26,30.0808726635403,31.4099386395507,944.838364585939
210,26,30.074955704737,31.4161062078684,944.838002616955
200,26,30.0752635280531,31.4157857481791,944.83803531734
1000,27,30.0751933573127,31.4158587647192,944.838026834955
990,27,30.0751755207198,31.4158773251367,944.838024690888
980,27,30.0843032091277,31.4063513500457,944.838196707173
970,27,30.074754331809,31.4163155856904,944.837973250223
960,27,30.096159617643,31.3939009259372,944.835853287477
950,27,30.0682255530041,31.0545647534,933.755657455603
940,27,30.0755839297335,31.0469720868424,933.755814761921
930,27,30.0768521368487,31.0456604459563,933.75573872384
920,27,30.0746982943137,31.0478821571746,933.755688554433
910,27,30.0777679458361,31.0447142717128,933.755711809364
900,27,30.0807590869868,31.0416211238118,933.755526694903
890,27,30.0735952889798,31.0490188887871,933.755628181271
880,27,30.0797552707438,31.0426595769752,933.755603028426
870,27,30.079525402018,31.0428978991718,933.755635910388
860,27,30.0754292469902,31.0471283017094,933.755710560288
850,27,30.0705261983835,31.0521790035785,933.755362244001
840,27,30.0671467345026,30.6869700918082,922.669632587688
830,27,30.0763048471917,30.6776072880904,922.669068779038
820,27,30.0725804140981,30.6814111407719,922.669203748868
810,27,30.071573460121,30.6824382967995,922.669197177836
800,27,30.0712705236036,30.68274715371,922.669190066541
790,27,30.0726777089335,30.6813117390228,922.669199614952
780,27,30.0706599258811,30.6833699160922,922.66918212682
770,27,30.0753029802959,30.6786303805965,922.669103716948
760,27,30.070973424194,30.6830507382118,922.669203321963
750,27,30.0713657814279,30.6826500329535,922.669192284487
740,27,30.0753529816007,30.6785787608435,922.669085206207
730,27,30.0705098129253,30.3147180625922,911.579026977244
720,27,30.0700154469536,30.3152105970898,911.578850932142
710,27,30.0671081075589,30.3181422180863,911.578859691547
700,27,30.0666557965608,30.3185979203433,911.578847905289
690,27,30.0682556662058,30.31698457432,911.578843209072
680,27,30.0682370934039,30.3170033073708,911.578843407533
670,27,30.0704563748112,30.3147625096075,911.578743557912
660,27,30.0680885853013,30.3171530687904,911.578844126528
650,27,30.0661800666309,30.3190771691491,911.578833621717
640,27,30.0682098995641,30.3170307274436,911.578843444308
630,27,30.0704415703237,30.3147774604065,911.57874434052
620,27,30.0647474728515,29.951529410034,900.485168138357
610,27,30.0613160642194,29.954936164207,900.484803715743
600,27,30.0631975430031,29.9530605013644,900.484774870041
590,27,30.0612328268894,29.9550169011456,900.484737398745
580,27,30.0611024218178,29.9551466534679,900.48473161047
570,27,30.0609824785133,29.9552660182455,900.484726913683
560,27,30.0609697053814,29.9552787295472,900.484726405173
550,27,30.0610780616674,29.9551708626065,900.484729651399
540,27,30.0610776727726,29.9551712496403,900.484729636643
530,27,30.0609683395004,29.9552800888112,900.48472635062
520,27,30.1014704246798,29.9144758561988,900.469710255167
510,27,30.1074321041534,29.5408248263042,889.398377758643
500,27,30.0913466180736,29.5570351034344,889.410988300014
490,27,30.0946396066917,29.5537228169472,889.408637212089
480,27,30.094817051419,29.5535437781399,889.408493224222
470,27,30.0944657180938,29.5538971960931,889.408746003893
460,27,30.0944861111782,29.5538766349504,889.40872992199
450,27,30.0954745013245,29.5528818872205,889.408003277499
440,27,30.0943556906978,29.5540078593353,889.408824604513
430,27,30.0896720737423,29.5587133127269,889.411990501714
420,27,30.0888438884224,29.5595440087403,889.412505091939
410,27,30.095655378755,29.5526998141773,889.407869119278
400,27,30.014136667239,29.2630946848091,878.306523176215
390,27,30.0058704944271,29.2709204544515,878.299448408949
380,27,30.0058000290439,29.2709823218721,878.299242203773
370,27,30.0147106411819,29.2625312473114,878.306408016596
360,27,30.0385073535419,29.2390575908368,878.297646452986
350,27,30.0385354020112,29.2390305124679,878.297653169255
340,27,30.0385345642039,29.2390313210081,878.297652959943
330,27,30.0385341489604,29.2390317217618,878.297652856678
320,27,30.0385340979012,29.2390317710333,878.297652843801
310,27,30.0395503737343,29.2380503850305,878.297887370905
300,27,30.05423339457,29.2233535802899,878.285489074076
290,27,30.0909232192856,28.8194315949445,867.203303346927
280,27,30.0000235017034,28.9064485430712,867.194135642916
270,27,30.0760008673126,28.8340552156291,867.2130696734
260,27,30.0910511883513,28.8192764786384,867.202323729957
250,27,30.0207556259918,28.8863052521416,867.188710912349
240,27,30.0897862770263,28.8205232601212,867.203385289111
230,27,30.0387600359554,28.8700517124822,867.220555616878
220,27,30.0916701429199,28.8186651827531,867.201766638656
210,27,30.0482271895725,28.8609753827789,867.221145214401
200,27,30.0831324055287,28.827066882125,867.208469877999
1000,28,30.0248328721479,28.8824411382595,867.190468115888
990,28,30.0245291479663,28.5137376031561,856.111545783425
980,28,30.0505672935935,28.4890438547364,856.111929486892
970,28,30.0106173870458,28.5258566628418,856.078569946255
960,28,30.0503340505578,28.4892568830953,856.111686189167
950,28,30.0497637126583,28.4898006171959,856.111776767482
940,28,30.0496297453608,28.4899283171259,856.111797401504
930,28,30.0496049143633,28.4899519850913,856.111801181174
920,28,30.0496002466362,28.4899564341069,856.111801888993
910,28,30.0495993389935,28.4899572991961,856.111802025876
900,28,30.0495983425883,28.4899582492492,856.111802187048
890,28,30.0495989308012,28.4899576883808,856.111802091338
880,28,30.0039887508602,28.5328576658509,856.099540436088
870,28,30.0027303808845,28.1638026250737,844.990976660534
860,28,30.0870743401761,28.0843678391628,844.976462973741
850,28,30.0063879129186,28.1604271118828,844.992699712624
840,28,30.0821056791301,28.0891589303608,844.981047380993
830,28,30.0052786832816,28.1614474136693,844.992077771729
820,28,30.0913344279273,28.0802433487535,844.971993424922
810,28,30.0153703201786,28.1521335029706,844.996712394769
800,28,30.0156624860377,28.1518629731385,844.996817354908
790,28,30.0502023258532,28.1196027183667,844.999751009529
780,28,30.0114235598568,28.1557826832029,844.995119764884
770,28,30.0813846251706,28.0898532901273,844.981680884933
760,28,30.0493230437485,27.7504813788763,833.883179573383
750,28,30.0432286528974,27.7561654009882,833.884823669527
740,28,30.0312461516282,27.7672972678991,833.886539217711
730,28,30.053666961371,27.7463944698287,833.880898775057
720,28,30.0535576245578,27.7464971076496,833.880949704373
710,28,30.0535650569527,27.7464901351647,833.880946379268
700,28,30.0535708497263,27.7464846999373,833.880943760412
690,28,30.0535715094461,27.7464840809274,833.880943461861
680,28,30.0535704013918,27.7464851211519,833.88094397971
670,28,30.0243744240883,27.7736459844572,833.886346159419
660,28,30.0306285696673,27.7678676293506,833.886518948715
650,28,30.0115773385837,27.4150303396775,822.76830327885
640,28,30.0268682689485,27.4010612442829,822.768056411472
630,28,30.0690796136837,27.3619451753759,822.748507863626
620,28,30.0184702184989,27.408721644384,822.767894409067
610,28,30.0225690132466,27.4049848667702,822.768049469587
600,28,30.0067564080018,27.4193523440656,822.76582665355
590,28,30.0232053921165,27.4044040319848,822.768050900825
580,28,30.0069206639213,27.4192038500596,822.765874596623
570,28,30.0232376468098,27.40437458564,822.768050746865
560,28,30.0090128219352,27.4173111289121,822.766441210509
550,28,29.9825848772838,27.4410531274057,822.753704514495
540,28,30.0109429763501,27.0450797477248,811.64834609981
530,28,30.0437856681927,27.0152382963925,811.640029151968
520,28,30.0479835690114,27.0113819036488,811.637559617131
510,28,29.9781616135434,27.0741701175392,811.633847336159
500,28,30.0462527939399,27.0129698637944,811.638521242647
490,28,29.9987174893739,27.0559515260645,811.643846236602
480,28,29.9776041742823,27.0746608499324,811.63346611221
470,28,29.9978017393576,27.0567842267697,811.644048939214
460,28,30.0289104297287,27.0287977500862,811.645346660591
450,28,30.0317138564505,27.0262500060869,811.644606795698
440,28,30.0316775799964,27.0262829789051,811.644616608225
430,28,30.016684933541,26.6692920746391,800.523737605022
420,28,30.0066128527702,26.6782031358324,800.522513104482
410,28,30.0033447440379,26.6810978645696,800.522177380094
400,28,30.010618170285,26.6746372905869,800.52235455865
390,28,29.988043927833,26.6945895009086,800.518522588716
380,28,29.9878862405227,26.6947278467729,800.518461890739
370,28,29.9877825709632,26.6948188203636,800.51842255632
360,28,29.9877639683025,26.6948351449643,800.518415499937
350,28,29.987761585728,26.6948372355367,800.518414589088
340,28,29.9877619251092,26.6948369373349,800.518414706412
330,28,29.9877618709827,26.694836984926,800.518414688663
320,28,29.9917012657378,26.3205099020778,789.396870145011
310,28,29.9975947161363,26.3152782723207,789.395052455424
300,28,30.025781714555,26.2904031667335,789.389906671985
290,28,29.9809283664167,26.3297759316713,789.391126111239
280,28,30.0239369749101,26.2920381187901,789.390495420488
270,28,29.9823013574829,26.3285861384995,789.391603920939
260,28,30.0013034289035,26.3120235946069,789.395003690268
250,28,30.0262970363315,26.2899424176048,789.389620099054
240,28,30.0261851878566,26.2900423010751,789.389678728666
230,28,30.00223224408,26.3112089247282,789.395000782206
220,28,30.0070277521602,26.3069956076986,789.394747276167
210,28,30.0054502627133,25.9374456241833,778.264734618263
200,28,29.9975441946018,25.9442944470296,778.265119272534
1000,29,29.9951265072256,25.9463766128468,778.264848906461
990,29,29.990449066945,25.9504166510275,778.264648838641
980,29,29.9943810700699,25.9470189585975,778.2647742765
970,29,29.9871921078579,25.9532242618811,778.264321759348
960,29,29.9942116842232,25.9471654503574,778.264773123584
950,29,29.9929729306405,25.9482363703729,778.264751054455
940,29,29.9932746659547,25.9479755964941,778.264759091135
930,29,29.9887812809297,25.9518549720142,778.264502590143
920,29,29.9942085548357,25.9471681566346,778.26477309749
910,29,29.9904785620818,25.5792343569372,767.13347961619
900,29,29.9822038659331,25.5862441791635,767.131989143223
890,29,29.9536286374173,25.6103439628502,767.122732339738
880,29,29.9866111392962,25.582479083947,767.131852269496
870,29,29.9681495277318,25.5981439284309,767.129004879616
860,29,29.9684064783199,25.597926596641,767.129069250333
850,29,29.9671004271037,25.5990281677491,767.128647939193
840,29,29.9489855536431,25.6142212514052,767.119942226154
830,29,29.9682198866093,25.598084007721,767.12901021928
820,29,29.9682180667626,25.5980855428877,767.129009640902
810,29,29.9670484049379,25.5990720218762,767.128630401055
800,29,29.961289927454,25.2324034011405,755.995353868045
790,29,29.9664607552425,25.2280569277981,755.995577857884
780,29,29.9968455382093,25.2024321906466,755.993465610021
770,29,29.991873670974,25.2066548432907,755.994807727822
760,29,29.9908803898423,25.2074957767026,755.994990766543
750,29,29.9897332722351,25.2084672845333,755.995210065021
740,29,29.9895113216542,25.2086551842513,755.99525005178
730,29,29.9542879728211,25.2381703139828,755.991421492147
720,29,29.9802444651201,25.2164821880441,755.99630054791
710,29,29.9763714124206,25.2197406299183,755.996312047343
700,29,29.9914000384581,25.2070562933443,755.99490908562
690,29,29.971581801391,24.8522126320212,744.860123846187
680,29,29.9749626302365,24.8493508401178,744.858362818166
670,29,29.9570971211487,24.8641271639259,744.857072282321
660,29,29.9676963671758,24.8553736154703,744.858289601127
650,29,29.9778647950253,24.8469280291331,744.857849029076
640,29,29.9688684360302,24.8544038479977,744.858358976607
630,29,29.9835273670435,24.8422034914497,744.856888243546
620,29,29.9775500211381,24.8471911634903,744.857915988312
610,29,29.9727468438042,24.8511870687888,744.858338780828
600,29,29.9775682522124,24.8471761845161,744.857919946077
590,29,29.9659516453415,24.8568191805874,744.858241622481
580,29,29.943501202561,24.5033627580313,733.716472211898
570,29,29.953970250202,24.4948512204577,733.718044740714
560,29,29.9610638083185,24.4890537575637,733.718102235709
550,29,29.9625248145111,24.4878591887642,733.7180885976
540,29,29.9648075788406,24.4859895739254,733.717965960173
530,29,29.9634672396813,24.4870864256291,733.718011909583
520,29,29.9827487142234,24.471214566703,733.714277085301
510,29,29.9625838870214,24.4878088368187,733.718026482523
500,29,29.9610895231435,24.4890310310954,733.718051057689
490,29,29.9638079334754,24.4868077269305,733.718003633686
480,29,29.9639915582436,24.4866575682477,733.718000664575
470,29,29.9599264997823,24.1180940515742,722.576325099998
460,29,29.9596914768677,24.1182562032916,722.575514810667
450,29,29.9511205316791,24.1251614579303,722.57561867269
440,29,29.9584322287332,24.1192626327823,722.575294991228
430,29,29.950309641903,24.1258125240251,722.575555457053
420,29,29.9540362557673,24.1228124591285,722.575598991812
410,29,29.951504065213,24.1248515082211,722.575588021145
400,29,29.953232508179,24.1234594318683,722.575589264375
390,29,29.9460125235053,24.1292638428771,722.575237221761
380,29,29.9594656001108,24.1184276317708,722.575202962799
370,29,29.9460258345303,24.1292532237813,722.575240407278
360,29,29.9368830734693,23.7644056712527,711.432233890783
350,29,29.9510420811145,23.7531260578913,711.430878117921
340,29,29.9479218871096,23.7555993811248,711.430834647394
330,29,29.9434214028661,23.7591744185568,711.430971799044
320,29,29.9385735039739,23.7630152519144,711.430778795491
310,29,29.9460366741671,23.7570973353507,711.430908076167
300,29,29.9438261112862,23.758852989564,711.430962523117
290,29,29.9462627259147,23.7569173528699,711.430888606882
280,29,29.9462099078804,23.7569593239756,711.43089068875
270,29,29.9381801670495,23.7633263404975,711.430745350209
260,29,29.9340464437312,23.7665930646636,711.4303006069
250,29,29.6347345489932,23.9802295525168,710.647737212758
240,29,29.9304039047554,23.3971012345122,700.284690149403
230,29,29.9324490468796,23.395493247637,700.28440956151
220,29,29.9406227687405,23.3890906981151,700.283941496122
210,29,29.9401458029064,23.3894648701172,700.283988463268
200,29,29.9398778212501,23.3896750509351,700.284013303739
1000,30,29.9318684411392,23.3959436258015,700.284306663798
990,30,29.9369843040829,23.3919438845028,700.284256912348
980,30,29.9414976565809,23.3884044804605,700.283857942875
970,30,29.9343667448825,23.3939913867551,700.28431779775
960,30,29.9338901090432,23.3943635432904,700.284307475862
950,30,29.8775594993412,23.4363158006624,700.219919779642
940,30,29.917106311658,23.034845462788,689.135920582841
930,30,29.9265628339169,23.0275630762032,689.13581331198
920,30,29.9231576978471,23.0301832640669,689.135805620995
910,30,29.9233679418536,23.0300217314367,689.135813978664
900,30,29.9190210039069,23.0333624718857,689.135655586949
890,30,29.9234512904905,23.0299572128143,689.135802879729
880,30,29.9188213961765,23.0335156149823,689.135639810698
870,30,29.9235125864176,23.0299105299705,689.135817607644
860,30,29.9190531660873,23.0333378102177,689.135658536351
850,30,29.9189351076301,23.0334284041843,689.135649731033
840,30,29.9140940186836,23.0371382958805,689.135120904387
830,30,29.9118433794544,22.6661421537328,677.986094118904
820,30,29.9146830397535,22.663976494421,677.985673251028
810,30,29.9147660550868,22.6639101466937,677.985569931848
800,30,29.9167213252801,22.6624261242599,677.98548691423
790,30,29.9175925050114,22.6617642734552,677.985428977858
780,30,29.9102558598835,22.6673248797975,677.985486813845
770,30,29.9138204121778,22.6646263718502,677.985562996637
760,30,29.9163320835298,22.6627215192692,677.985502887015
750,30,29.9165580083322,22.6625500751699,677.985493940554
740,30,29.9166067247947,22.6625131024983,677.98549188295
730,30,29.9166165546432,22.6625056421387,677.985491463301
720,30,29.9172305692259,22.2892407707437,666.832355351329
710,30,29.9036959354117,22.2993775226062,666.833804984971
700,30,29.9023125389285,22.300406131007,666.83371387441
690,30,29.9027255061645,22.3000984413962,666.833722453516
680,30,29.9026335362967,22.3001670256582,666.833722366463
670,30,29.9022232591504,22.300472331769,666.833702449061
660,30,29.9023779581037,22.3003574863413,666.833718157403
650,30,29.9021067006168,22.3005592048698,666.833700827438
640,30,29.9024430310957,22.3003090281845,666.833720291114
630,30,29.9025020623175,22.3002643564142,666.8337009079
620,30,29.9023665130205,22.3003660176134,666.833718033183
610,30,29.88968637949,21.9375620462151,655.706849491974
600,30,29.875720923095,21.9472964902618,655.691304959484
590,30,29.8734296986512,21.948959069335,655.690685716352
580,30,29.8715830289542,21.9502995838268,655.690196528702
570,30,29.8723413119325,21.9497488148921,655.690388309641
560,30,29.8707378497257,21.9509123861836,655.689949449989
550,30,29.878734356768,21.9450991794462,655.691788815601
540,30,29.8897667254934,21.9366143725883,655.680286343771
530,30,29.8883258516082,21.9376701616972,655.680234217907
520,30,29.8782510948921,21.9454511277231,655.691699184792
510,30,29.8706795556313,21.9509546440528,655.689932112695
500,30,29.9064120509775,21.552371858864,644.554113487078
490,30,29.8924573382582,21.5625450236451,644.557457223582
480,30,29.8752386951738,21.575002270536,644.558342681179
470,30,29.8978667255746,21.5586005702938,644.556166640541
460,30,29.8980949689493,21.5584341991489,644.556113068
450,30,29.8716123348908,21.5776086251059,644.557959963161
440,30,29.8977214159099,21.5587066809226,644.55620643354
430,30,29.8982551104382,21.55831735632,644.556072071042
420,30,29.8716078493035,21.5776118455942,644.557959376076
410,30,29.8978906451041,21.55858325839,644.556164722718
400,30,29.8983575751481,21.558242588959,644.556045616482
390,30,29.8487716660219,21.2198863424716,633.387542215371
380,30,29.8661095556883,21.206981722074,633.37003945694
370,30,29.9343396928915,21.1587355132028,633.372776324258
360,30,29.8390807724142,21.2266432016879,633.383521022382
350,30,29.849802835729,21.2191318755209,633.386902829631
340,30,29.9235543721809,21.1666822968493,633.382368588449
330,30,29.8379009483581,21.2274663370463,633.383037949393
320,30,29.9345837015813,21.1585539145777,633.372503160347
310,30,29.9077875660418,21.178205651889,633.393275666642
300,30,29.848622035308,21.2199608566528,633.38659121426
290,30,29.9069706528507,21.1788000331917,633.393751055258
280,30,29.8525718614789,20.8440549956915,622.2486496435
270,30,29.8571386407117,20.8408328542916,622.247635918485
260,30,29.851932247641,20.8444503309184,622.247119017894
250,30,29.8219944817765,20.8651153732501,622.239355522694
240,30,29.8200056775674,20.8664724587492,622.238327190705
230,30,29.854468783705,20.8426813342059,622.247179260762
220,30,29.8333525724048,20.8569077892345,622.231483646369
210,30,29.8544480375523,20.8426958008466,622.247178748886
200,30,29.8436016088863,20.8502372992958,622.246175410923
1000,31,29.8264574250315,20.8616505457036,622.229131817312
990,31,29.8544477703843,20.842695987173,622.247178743054
980,31,29.8242485890324,20.8621772116515,622.198759268741
970,31,29.8911333331014,20.4433176108772,611.07393247767
960,31,29.8192616025089,20.4929620288103,611.084995747376
950,31,29.8153967272183,20.4955718517731,611.083605911825
940,31,29.8733826642333,20.4557817884133,611.083397061325
930,31,29.8737395567082,20.4555323200496,611.083245022988
920,31,29.8128104948783,20.4973147821846,611.082561255135
910,31,29.8737573216874,20.4555199032085,611.083237477397
900,31,29.8737587512116,20.4555189040321,611.083236869905
890,31,29.8128172504535,20.4973102326915,611.082564093082
880,31,29.8737588690539,20.4555188216748,611.083236820106
870,31,29.8059162497664,20.5015690815625,611.068051033852
860,31,29.8263326769916,20.114165352409,599.93178732097
850,31,29.850439213299,20.097789987974,599.927858357666
840,31,29.8292124580989,20.1121898921363,599.930785290164
830,31,29.8064080800775,20.1274559479799,599.927165599271
820,31,29.8199739414897,20.1183984028343,599.930116117026
810,31,29.8275368821379,20.1133178917555,599.930731238499
800,31,29.8258974598021,20.1144219666596,599.930687040781
790,31,29.8060381294182,20.1277017648062,599.927046259373
780,31,29.8267422677115,20.1138526492675,599.930698980428
770,31,29.822884296583,20.1164469483556,599.930469799158
760,31,29.8219140023111,20.1170980723101,599.930368688492
750,31,29.8181362075301,19.7454377889795,588.772153469104
740,31,29.8365327916846,19.733153532403,588.768882452889
730,31,29.825598314701,19.7404579917095,588.770970608956
720,31,29.8297553906385,19.7376831572958,588.77026056006
710,31,29.8315677630689,19.7364546087059,588.769383062342
700,31,29.832471373942,19.7358504580075,588.769193828908
690,31,29.8312423571074,19.736689788821,588.769976417366
680,31,29.8312898864483,19.7366580258708,588.769966959448
670,31,29.8312983489361,19.7366523705054,588.769965273783
660,31,29.8312998512437,19.7366513665165,588.769964974012
650,31,29.8313001161649,19.7366511894751,588.769964921296
640,31,29.8117550150645,19.3753391101716,577.612862886235
630,31,29.8228136304173,19.3680202453937,577.608858168527
620,31,29.7958873619368,19.3856049937974,577.611302838187
610,31,29.7893277592866,19.389847537892,577.610523508861
600,31,29.7994133928916,19.3833158214876,577.611441089487
590,31,29.7967521116007,19.3850427844875,577.611314522148
580,31,29.7971215404897,19.3848033218375,577.611340619278
570,31,29.7967314163945,19.3850561976594,577.611313013372
560,31,29.7971171787421,19.3848061494612,577.611340322696
550,31,29.7967307307115,19.3850566420768,577.611312963551
540,31,29.797117023944,19.3848062498169,577.611340312277
530,31,29.7892738334394,19.0153207982079,566.452598288511
520,31,29.8112749268072,19.0011388629475,566.448174565771
510,31,29.8059446458467,19.0045703066184,566.449170577172
500,31,29.7852127440896,19.0178690812221,566.451276523445
490,31,29.7846053258829,19.0182554182104,566.451231618232
480,31,29.7601251654079,19.0337533923397,566.446883323535
470,31,29.7844168518217,19.0183752792319,566.451217161022
460,31,29.8009809833129,19.0077695056964,566.450177574453
450,31,29.7843198893724,19.0184370551905,566.451213047688
440,31,29.8009622949519,19.0077815337272,566.450180797287
430,31,29.8035181784191,19.0061342884936,566.449668768592
420,31,29.8125669271515,19.0002820776052,566.447181073363
410,31,29.7597105201516,18.6591637045167,555.291310394536
400,31,29.7842530050789,18.6437621789525,555.290529704443
390,31,29.7802664511819,18.6462713920001,555.290930374813
380,31,29.7801662361566,18.646333150649,555.290900921084
370,31,29.7705036517384,18.6524009681005,555.291371134525
360,31,29.7802439961026,18.6462842075798,555.290893322402
350,31,29.7796712233231,18.646645029082,555.290958384074
340,31,29.7792845907885,18.6468882192694,555.290991014244
330,31,29.7791567448561,18.6469686401301,555.29100195085
320,31,29.7794849602244,18.6467618615939,555.290964414221
310,31,29.7794822963122,18.6467635376138,555.290964651892
300,31,29.7622992741078,18.2825854158887,544.131778652118
290,31,29.7676039197811,18.2792952599967,544.130821232315
280,31,29.7641752050557,18.2814097875751,544.131083912805
270,31,29.7521417871612,18.2888131806575,544.131362869826
260,31,29.7411080413818,18.2955560939486,544.130110467285
250,31,29.7307359262288,18.3018525567714,544.127545326146
240,31,29.7311693550684,18.3015903956926,544.127683521432
230,31,29.7503347313414,18.289920503118,544.131257177385
220,31,29.7312091775945,18.3015663036856,544.127696052491
210,31,29.7302957208439,18.3021192765368,544.127418409598
200,31,29.7503517380653,18.2899100930073,544.131258524557
1000,32,29.7329728214618,17.9253029275368,532.972544760922
990,32,29.7439413054111,17.9186784901904,532.972121282757
980,32,29.7295572229336,17.9273278625669,532.971519544475
970,32,29.7270201660132,17.928845069282,532.971138927872
960,32,29.7261072058893,17.9293905362257,532.970985216104
950,32,29.7260139988607,17.9294462075821,532.970968958403
940,32,29.7259914991475,17.9294596458935,532.970965018138
930,32,29.7259851908492,17.9294634135832,532.970963912046
920,32,29.7259845436915,17.9294638001125,532.970963798822
910,32,29.725984366258,17.9294639060853,532.970963767677
900,32,29.7259843492436,17.9294639162133,532.970963763684
890,32,29.7105595984569,17.5632571646366,521.81419873296
880,32,29.7218302291408,17.5565767489319,521.813593536636
870,32,29.7256889460329,17.554290641076,521.813383264882
860,32,29.723994563343,17.5552921338138,521.81340794338
850,32,29.7232014621195,17.5557602467777,521.813398635643
840,32,29.7224676942524,17.5561935697102,521.813396209753
830,32,29.7228773373193,17.5559516126867,521.813396323799
820,32,29.7224175591013,17.5562231597132,521.81339551376
810,32,29.7228690048785,17.5559565318416,521.81339625127
800,32,29.7224163223989,17.5562238896058,521.813395496108
790,32,29.7228686570347,17.5559567371944,521.813396248212
780,32,29.7033921379099,17.5673923886004,521.81114495913
770,32,29.7050179548691,17.1908983966787,510.65594553367
760,32,29.7063586439703,17.1901142688043,510.655699599934
750,32,29.7068293077389,17.1898384842887,510.655597680366
740,32,29.7637378919735,17.1569762170679,510.655743143633
730,32,29.7056701583071,17.1905088400072,510.655585454716
720,32,29.7056646713026,17.1905119646443,510.655583949739
710,32,29.7055964061964,17.1905514592872,510.655583649536
700,32,29.7055875577551,17.1905565784242,510.655583606924
690,32,29.7055845508445,17.1905583180203,510.655583592177
680,32,29.7055840899989,17.1905585846346,510.655583589914
670,32,29.7654305442932,17.155960351846,510.654546273521
660,32,29.7305130754966,16.8014531509227,499.51582259085
650,32,29.7245384307469,16.8049124956589,499.518267302553
640,32,29.7194352591059,16.8078652710673,499.520263767258
630,32,29.7251979281081,16.8045272280467,499.517897941971
620,32,29.7180536343236,16.8086630817305,499.520750984142
610,32,29.7170518375976,16.8092412977881,499.521094997056
600,32,29.7169515431044,16.8092991580146,499.521128552266
590,32,29.7169315862602,16.8093106707359,499.521135214452
580,32,29.7169357230733,16.8093082843172,499.521133834377
570,32,29.7169268934856,16.8093133778925,499.521136780522
560,32,29.7247025110344,16.804814437098,499.518109895873
550,32,29.615763817133,16.489404418823,488.346306753052
540,32,29.7210490350486,16.4313839000774,488.357966607908
530,32,29.7312282570096,16.425528416485,488.351134592513
520,32,29.7286181390979,16.4270318429029,488.352956816462
510,32,29.7303488513561,16.4260344660978,488.351734921487
500,32,29.7283787849452,16.4271695911698,488.35311997083
490,32,29.7302750627251,16.4260769787387,488.351786779397
480,32,29.7028850495112,16.4417350609849,488.366966530953
470,32,29.7016254492064,16.4424483193646,488.3674414497
460,32,29.7016275490759,16.4424471168946,488.36744026138
450,32,29.6543108283175,16.4678372471002,488.342364395654
440,32,29.6430653351875,16.098855765297,477.219433272458
430,32,29.619741121972,16.111365925213,477.214487826171
420,32,29.6216335187916,16.1103524661448,477.214956610702
410,32,29.6114003445127,16.1157985099152,477.211361548601
400,32,29.6190133182248,16.1117495922276,477.214125752091
390,32,29.6200693018627,16.1111863938805,477.214457521966
380,32,29.6158770203933,16.1131137963477,477.203996608238
370,32,29.6191948720339,16.1116528522487,477.214185541315
360,32,29.6204781398718,16.1109687318197,477.214597133023
350,32,29.6184310988716,16.1120597591641,477.213931837705
340,32,29.6091263229127,16.1167005871615,477.201423593825
330,32,29.6273998718614,15.7309948628436,466.068475183666
320,32,29.6302583465598,15.7294606676538,466.067983234632
310,32,29.6293440338373,15.7299445670296,466.067939209709
300,32,29.6324515969607,15.7282912034533,466.067827789231
290,32,29.627622632064,15.730858226833,466.067931223109
280,32,29.6276161644833,15.7308616578209,466.067931134504
270,32,29.6276147624824,15.7308624015668,466.067931115239
260,32,29.6276144585887,15.7308625627806,466.06793111111
250,32,29.627614392699,15.7308625977323,466.067931110144
240,32,29.6276143784112,15.7308626053122,466.067931109958
230,32,29.6276143753101,15.7308626069573,466.067931109915
220,32,29.5831839622061,15.3771970126674,454.906448048825
210,32,29.6144225636905,15.3613635611848,454.917911655405
200,32,29.5739452214837,15.3821632063343,454.911252052052
1000,33,29.5729701697215,15.3826585701267,454.910903025368
990,33,29.5727488089621,15.382770989016,454.910822443961
980,33,29.5726989391089,15.3827963134903,454.910804220483
970,33,29.5726859865586,15.3828028908141,454.910799483171
960,33,29.5726847850114,15.3828035009604,454.910799043672
950,33,29.5726845142747,15.3828036384387,454.910798944585
940,33,29.5726844439547,15.3828036741472,454.910798918862
930,33,29.6634118576521,15.3354244946773,454.901012797539
920,33,29.6201723032882,14.9818213391146,443.764129481653
910,33,29.5933382821496,14.9955980888102,443.769806985316
900,33,29.5950530869023,14.9947196485868,443.769524023143
890,33,29.5937695363421,14.9953738215287,443.769636985618
880,33,29.5935280936967,14.9954968170749,443.769656335046
870,33,29.5934860362213,14.9955182400926,443.769659644081
860,33,29.5934747390576,14.9955239944882,443.76966052982
850,33,29.5934726126925,14.9955250775842,443.769660696432
840,33,29.5934722124893,14.9955252814316,443.769660727726
830,33,29.5934721371437,14.9955253198102,443.769660733637
820,33,29.5934721271922,14.995525324879,443.769660734412
810,33,29.5703672600783,14.6303501584289,432.624827328286
800,33,29.5510687016474,14.6398804531578,432.624113055173
790,33,29.5404828075317,14.6450638195324,432.622255976101
780,33,29.540018598219,14.6452901753284,432.622144155516
770,33,29.5424292803292,14.6441115810772,432.622630757224
760,33,29.542140670043,14.6442526126394,432.622570690237
750,33,29.5394305937458,14.6455770573789,432.6220069918
740,33,29.5423150298379,14.6441674135718,432.622607081425
730,33,29.5394396370015,14.6455726460436,432.622009127127
720,33,29.5423167868353,14.6441665549838,432.622607446509
710,33,29.5391786145577,14.6457001665715,432.621953155615
700,33,29.5339062840367,14.2711530987826,421.482898184587
690,33,29.5309115037885,14.2725679880166,421.481942185922
680,33,29.5339785004715,14.2710895551024,421.482052098699
670,33,29.5484573795312,14.2640820758607,421.481621276706
660,33,29.5373855015587,14.2694465132378,421.482142555378
650,33,29.5483430225676,14.2641376109954,421.481631050799
640,33,29.5363005820717,14.2699693851627,421.482105057127
630,33,29.5364082913584,14.2699177096091,421.482115755101
620,33,29.5416322772223,14.2673916609297,421.482038002293
610,33,29.5373900912704,14.2694442994743,421.482142659228
600,33,29.5585131172212,14.2591791472073,421.480133863535
590,33,29.5255548106623,13.8979133552897,410.343602525442
580,33,29.5074047300356,13.9064427450951,410.343034434587
570,33,29.5215695554368,13.8997674713263,410.342952209159
560,33,29.5168868907435,13.9019796266126,410.343160196144
550,33,29.5162338562837,13.9022868482826,410.343149751048
540,33,29.5191254184844,13.900922361205,410.343070613024
530,33,29.5166822144941,13.9020755119928,410.343145009391
520,33,29.5162148938196,13.9022957855257,410.34314992302
510,33,29.5186922660538,13.9011268585238,410.343085888138
500,33,29.5162833916627,13.902263501556,410.343149297495
490,33,29.6132743649931,13.855118989607,410.295439998857
480,33,29.4880837335565,13.5384773628329,399.223754100074
470,33,29.4724679517354,13.5455976040261,399.222191271764
460,33,29.4665712799265,13.5482668131319,399.220969768613
450,33,29.4651807582826,13.5488955789002,399.22065730739
440,33,29.4649240516766,13.5490115571966,399.220596508085
430,33,29.4647215738411,13.5491030943829,399.220550251259
420,33,29.4648077811899,13.5490640996185,399.22056931028
410,33,29.4647968054557,13.5490690593356,399.22056673641
400,33,29.4648048136641,13.5490654405884,399.2205686145
390,33,29.4647960544329,13.5490693987068,399.220566560256
380,33,29.461356806606,13.5506229811007,399.219738598003
370,33,29.4380751459724,13.1835015624251,388.096909681715
360,33,29.4298366260551,13.1868479982265,388.086782200429
350,33,29.4207616484489,13.1910713577967,388.091366305417
340,33,29.4459379881991,13.1797424726565,388.089879550277
330,33,29.418386187482,13.1921048598345,388.090435392369
320,33,29.4186873830703,13.1919738993531,388.090556110692
310,33,29.4177921259313,13.1923630891434,388.090195006228
300,33,29.4186449866227,13.1919923348976,388.090539166599
290,33,29.4478064000239,13.1789148831877,388.090134042505
280,33,29.4186441142102,13.1919927142498,388.09053881777
270,33,29.411365777651,13.1948929149178,388.079821917583
260,33,29.4143348484519,12.8157583407818,376.967007172597
250,33,29.5094148111917,12.7740122552418,376.953626443177
240,33,29.4043231234697,12.8202868162793,376.971856081434
230,33,29.3805770380286,12.8301012551722,376.955778333294
220,33,29.4032246284209,12.8207554386526,376.971552068753
210,33,29.3788358892852,12.8308336494266,376.954956109222
200,33,29.3800751112354,12.8303124584708,376.95554373049
1000,34,29.4031561003192,12.820784662434,376.971532758125
990,34,29.3800734659919,12.8303131506568,376.955542957981
980,34,29.4031558755324,12.8207847582922,376.971532694715
970,34,29.4748876317849,12.7886471868228,376.943938794143
960,34,29.3689294368358,12.4568394756038,365.844039564999
950,34,29.3824211182219,12.45119180477,365.846161031506
940,34,29.3691553384412,12.456700036019,365.842758362209
930,34,29.3683276491412,12.4570423823151,365.842502223068
920,34,29.3681950026761,12.4570972319824,365.842460676155
910,34,29.3681742462065,12.4571058144292,365.842454161588
900,34,29.36451088726,12.4586199887736,365.841282300578
890,34,29.3645094383167,12.4586205865182,365.841281801222
880,34,29.364509211454,12.4586206801077,365.841281723033
870,34,29.3645091760461,12.4586206947149,365.841281710833
860,34,29.3681703979103,12.4571074056222,365.842452953384
850,34,29.3441984148868,12.0885795455758,354.729676739519
840,34,29.4122880755634,12.0607751565039,354.734993317691
830,34,29.3657402359623,12.0800868435805,354.740692276451
820,34,29.4060752916606,12.0633805995903,354.736678183509
810,34,29.4065402608746,12.0631858282008,354.736559731399
800,34,29.4028446957437,12.0647338480279,354.737495629045
790,34,29.4037435274056,12.064356082815,354.737232082387
780,34,29.3631736767681,12.0811343281045,354.740445488497
770,34,29.4004898564952,12.0657171176585,354.73799372906
760,34,29.3999357049172,12.065948367546,354.738106224704
750,34,29.408623825166,12.0623086481296,354.73589749589
740,34,29.3452214323078,11.7099358354865,343.630660050469
730,34,29.3265731952823,11.7172969135085,343.628165584862
720,34,29.3208102823394,11.7195656435602,343.62716082625
710,34,29.3212678698961,11.719385709124,343.627247647859
700,34,29.3849115594111,11.6938292436282,343.62213811487
690,34,29.3218807444192,11.7191426876609,343.627304314424
680,34,29.316521074211,11.7212530600736,343.626362351808
670,34,29.3220795330798,11.7190664247985,343.627397761385
660,34,29.3170123542179,11.7210618097512,343.626513881027
650,34,29.3219058955883,11.7191327924253,343.627308917398
640,34,29.383637069823,11.6943504706753,343.622549997636
630,34,29.3079781751968,11.3458851193516,332.524953456245
620,34,29.2979575215852,11.3497267345949,332.523811751763
610,34,29.3266702113497,11.3385986405834,332.523342991248
600,34,29.325492558155,11.3390583813625,332.523472179131
590,34,29.3251894271699,11.3391766538573,332.523503322507
580,34,29.3251207752828,11.3392034503758,332.523510677775
570,34,29.3251119091515,11.3392069095214,332.52351158274
560,34,29.3251108068971,11.3392073395683,332.523511695221
550,34,29.3251099801828,11.3392076621084,332.52351177946
540,34,29.3251081907602,11.3392083602552,332.523511962058
530,34,29.2808361579544,11.3562594394783,332.520772014587
520,34,29.3143108116948,10.9650836243793,321.43386944128
510,34,29.272376142283,10.9809523452364,321.438567450246
500,34,29.262219537827,10.9847318683262,321.437635495125
490,34,29.2596455912925,10.9856854899727,321.437264014006
480,34,29.2586085082715,10.9860696804956,321.437111826214
470,34,29.2584024014366,10.9861460075676,321.437080730349
460,34,29.2583480707707,10.9861661448218,321.437073028512
450,34,29.2583561167874,10.9861631466184,321.437073700887
440,34,29.2583613227314,10.9861612189795,321.437074494681
430,34,29.2583557175641,10.9861632945376,321.437073642827
420,34,29.2583612133136,10.9861612594919,321.437074477927
410,34,29.2174776585947,10.6219573228697,310.346800771492
400,34,29.2923636254145,10.5948887255641,310.349333120027
390,34,29.2810761374918,10.5991012051806,310.353089377873
380,34,29.2792964835434,10.5997623094859,310.353583314526
370,34,29.2791257534355,10.5998257232228,310.35363031474
360,34,29.2790738423495,10.5998450030499,310.353644561757
350,34,29.2790532461748,10.5998526523189,310.353650208852
340,34,29.2790517811602,10.599853196407,310.353650610297
330,34,29.2790512022014,10.5998534114303,310.353650769096
320,34,29.2790511580106,10.5998534278439,310.353650781254
310,34,29.2790511573379,10.5998534280943,310.353650781455
300,34,29.216929138245,10.2433368559004,299.278847058016
290,34,29.1910336851386,10.25239150648,299.277905818886
280,34,29.2135920621841,10.2444636574807,299.277582185512
270,34,29.212464966283,10.2448612766059,299.27765112728
260,34,29.2119281804734,10.2450505464756,299.277680768966
250,34,29.2118789213866,10.2450679120749,299.277683388917
240,34,29.2121731913267,10.2449641639409,299.277667495978
230,34,29.2119652361379,10.2450374828313,299.277678791397
220,34,29.2118661710646,10.2450724069047,299.277684063367
210,34,29.2118570671327,10.2450756162745,299.277684544575
200,34,29.1802075594543,10.2561369187577,299.276204047532
1000,35,29.1180292396205,9.89767231292018,288.200711811792
990,35,29.1669547745186,9.88128547989359,288.207006706164
980,35,29.1592770276937,9.8838807945099,288.206818195815
970,35,29.1556519863333,9.88510372858498,288.206644159429
960,35,29.154798219009,9.88539135084475,288.206590149815
950,35,29.1559862515247,9.88499107740271,288.206663949197
940,35,29.1820858971127,9.87610195814561,288.205255671248
930,35,29.1555316003638,9.8851442942334,288.206636844678
920,35,29.1556536679465,9.88510316191734,288.206644260785
910,35,29.1821860822584,9.87606763723993,288.205243550906
900,35,29.1555572271574,9.88513565920774,288.206638410245
890,35,29.1148834583404,9.51888514424081,277.141231627899
880,35,29.1191776364706,9.51750220234868,277.141837285691
870,35,29.1367430809339,9.51171133135509,277.140289321701
860,35,29.1351817338076,9.51222552969067,277.140419500501
850,35,29.1332800423967,9.51285113583316,277.140556141859
840,35,29.1328156671829,9.51300379003296,277.140585856243
830,35,29.1341684277422,9.51255896683887,277.140495118713
820,35,29.1331919575678,9.51287796327164,277.14049977291
810,35,29.1326832619035,9.513047301524,277.140593890804
800,35,29.1311187009873,9.5135612460518,277.140681927847
790,35,29.1330872883775,9.51291450531758,277.14056865029
780,35,29.0827116937476,9.14932848017213,266.08728238024
770,35,29.1120121790365,9.13993928818587,266.082023873321
760,35,29.0931032955573,9.14597111168851,266.084682290537
750,35,29.0891483754126,9.14722451750404,266.084971212887
740,35,29.0885253601182,9.14742159593314,266.085005072994
730,35,29.0884255816351,9.14745315171574,266.085010265177
720,35,29.0883652011103,9.14747224661203,266.085013376472
710,35,29.0883483373087,9.14747757952823,266.085014241039
700,35,29.0886900041481,9.1473693713075,266.084991995403
690,35,29.088359729691,9.14747397686608,266.085013657067
680,35,29.0883470955129,9.14747797222661,266.085014304686
670,35,29.0531368731669,8.77903618176919,255.058539803425
660,35,29.1069639972435,8.76233650745125,255.045013254115
650,35,29.1000403200213,8.76451452276651,255.047725997917
640,35,29.0957483536343,8.76586548820648,255.049416346664
630,35,29.0722312274106,8.77321493237025,255.05693312164
620,35,29.0703761831985,8.7737891876363,255.057352236667
610,35,29.0721368689805,8.77324415849305,255.056954960694
600,35,29.0700439355817,8.77389196901344,255.057425025269
590,35,29.0720745951345,8.77326344594874,255.056969343388
580,35,29.0706337011809,8.77370950925842,255.057295344219
570,35,29.0905344527314,8.76750163425809,255.051308355764
560,35,28.9964291867889,8.41600219326201,244.034011632782
550,35,29.0463670463819,8.40114941380886,244.022869484988
540,35,29.0281843577087,8.40660358503862,244.028438688676
530,35,29.0206045944205,8.4088592272736,244.030178724851
520,35,29.0201607133091,8.4089909699267,244.030269384037
510,35,29.0202639472179,8.40896033374685,244.030248407019
500,35,29.0198955914368,8.40906963998952,244.030322973617
490,35,29.0202234458224,8.40897235340332,244.030256645508
480,35,29.019887548994,8.40907202623195,244.030324592642
470,35,29.020746575686,8.40881707439126,244.03014931721
460,35,29.0199904858754,8.40904148334844,244.030303842103
450,35,28.9307712113313,8.05431083111449,233.017423919921
440,35,28.9460037438313,8.04997596114563,233.014634309074
430,35,28.960612910824,8.04582737389219,233.012092122603
420,35,28.9598146682036,8.04605142963857,233.012158213168
410,35,28.957988413558,8.04656905176532,233.012453369915
400,35,28.9578565796262,8.04660627553384,233.012470479629
390,35,28.9593504019551,8.04618265537144,233.012222915035
380,35,28.9593744566261,8.04617585721211,233.01221959287
370,35,28.9578397728286,8.04661102076771,233.012472653668
360,35,28.9578395914697,8.04661107197697,233.012472677253
350,35,28.9593470705207,8.04618359686637,233.012223374784
340,35,28.8786276783254,7.68771773875716,222.010738273626
330,35,28.8876618154344,7.68521562944833,222.007910082194
320,35,28.9431998687459,7.67005461983768,221.99592386616
310,35,28.9355934480448,7.67215394297904,221.998327364855
300,35,28.9328364960577,7.67291233537593,221.999118048016
290,35,28.9323514816026,7.67304562947719,221.999253086408
280,35,28.9322893255282,7.67306270868012,221.999270300455
270,35,28.9322683455362,7.67306847336779,221.999276105151
260,35,28.9322651573378,7.67306934938441,221.999276987031
250,35,28.9322647525013,7.67306946062382,221.9992770991
240,35,28.9322646168775,7.6730694978878,221.999277136582
230,35,28.8649339994992,7.3108723365968,211.027847474631
220,35,28.8266971159462,7.3207657947251,211.03349822132
210,35,28.7659144195948,7.3359357254258,211.024899265247
200,35,28.7546851740418,7.3386635956415,211.020961290873
1000,36,28.7515122822878,7.33943408539363,211.019829251237
990,36,28.7641401550029,7.33609839820452,211.016562516847
980,36,28.7610406374042,7.33685597107208,211.015612734786
970,36,28.7721216804851,7.33413003484415,211.018481783036
960,36,28.7624870877536,7.3365027358326,211.016065208654
950,36,28.7722987048213,7.33408650489883,211.018527645948
940,36,28.7616669983693,7.33670299782669,211.015808489429
930,36,32.1357503035895,31.4691928856812,1011.28612482975
920,36,30.0066994416869,36.4913847138746,1094.9860133202
910,36,29.9857783375788,36.517536515513,1095.00675538861
900,36,29.9863701658429,36.5168931336197,1095.00907481125
890,36,29.9907505745835,36.5116057452644,1095.01046098376
880,36,30.0065618006768,36.4922251635759,1095.00620961505
870,36,30.004594044303,36.4946513704825,1095.00719915969
860,36,30.0024368355349,36.4973038754039,1095.00805418913
850,36,29.9751785030556,36.530532581076,1095.00923492944
840,36,29.9727437894017,36.5334757432374,1095.00850818838
830,36,29.9939379925858,36.5077210880853,1095.01032256665
820,36,30.1479561173377,36.3079306444197,1094.60989977931
810,36,29.9765738704189,36.1626671409912,1084.03286290329
800,36,29.9936044754171,36.1421209674405,1084.03248120009
790,36,29.9751113049767,36.1644094057166,1084.0321972151
780,36,29.9874613050626,36.1495474510529,1084.03315538397
770,36,29.9780666598079,36.1608632053007,1084.0327676447
760,36,29.9881311957788,36.148741028813,1084.03318853428
750,36,29.9878098641274,36.1491265619257,1084.03313409331
740,36,29.9745168436807,36.1651217578482,1084.03205128438
730,36,29.9778899311404,36.1610741687143,1084.03270122152
720,36,29.9918579594953,36.1442343664537,1084.03274317339
710,36,29.9874236041882,36.1495929712273,1084.03315754718
700,36,29.9787518001098,35.7937160404524,1073.05092918033
690,36,29.9720771617605,35.8016433922869,1073.04961827146
680,36,29.9743079134538,35.7989950839141,1073.05010163746
670,36,29.9712494159548,35.8026235536994,1073.04936027346
660,36,29.989902468569,35.7803874426078,1073.05032969142
650,36,29.9806075918369,35.7914957479824,1073.05078914516
640,36,29.9571462590134,35.8192753899152,1073.04327174757
630,36,29.9900903305591,35.7801623562803,1073.05030110692
620,36,29.9735432848035,35.7999017660772,1073.04990517723
610,36,29.9922990995609,35.7775131225889,1073.04987461115
600,36,29.9898573795992,35.7804414133401,1073.05033496517
590,36,29.993713648636,35.4094990911481,1062.06237618153
580,36,29.9564897779182,35.4533302106813,1062.05732404943
570,36,29.9880394007754,35.4162273064682,1062.06321989319
560,36,29.9940889576055,35.4090345656504,1062.06173266505
550,36,29.989935016639,35.413976346132,1062.06284930129
540,36,29.9932929360478,35.4099825544592,1062.06197961624
530,36,29.9797276645021,35.4260657468075,1062.06380331403
520,36,29.9534111131952,35.4569072931729,1062.05532095486
510,36,29.9670919678798,35.4409337321922,1062.06172058014
500,36,29.9807992914523,35.424800743312,1062.06384102493
490,36,29.962592206427,35.4462028014373,1062.06011980578
480,36,29.9899076866981,35.0475017516076,1051.0713421801
470,36,29.9770651562204,35.0625514159548,1051.0723883394
460,36,29.9823531182546,35.056354023037,1051.07198535724
450,36,29.9862426974886,35.0517881320246,1051.07142590784
440,36,29.9708614520748,35.0697803917421,1051.07152927559
430,36,29.9873161074748,35.050526415622,1051.07121535865
420,36,29.9809839886166,35.0579579618414,1051.07207632756
410,36,29.9832848634348,35.0552605492631,1051.07186301048
400,36,29.9796578459735,35.059509650833,1051.07210357958
390,36,29.9756055230116,35.0642479599469,1051.07206480843
380,36,29.9729598993888,35.0673345706733,1051.07181286524
370,36,29.9740190173962,34.6992954245067,1040.07734094441
360,36,29.973179651844,34.7002259291961,1040.07610573537
350,36,29.9716111298049,34.7020275614614,1040.07567548789
340,36,29.9861360515214,34.6851840916101,1040.07464914308
330,36,29.9779470885046,34.6946968863333,1040.0757875102
320,36,29.9615897704084,34.7135643323124,1040.07357399342
310,36,29.9842488802838,34.6873792781838,1040.07501328186
300,36,29.9775717220042,34.6951312035317,1040.07578405822
290,36,29.9788122798177,34.6936926742453,1040.07569997489
280,36,29.9694145773848,34.7045601400264,1040.07535056223
270,36,29.9808024237944,34.6913848673603,1040.07555551614
260,36,29.9779253268954,34.694721535692,1040.0757714344
250,36,29.953534587554,34.3555795730205,1029.07104101593
240,36,29.9778028827366,34.3278942565712,1029.07484740292
230,36,29.9808533947096,34.3243845907626,1029.07434227928
220,36,29.9736348047562,34.332673392167,1029.07501412778
210,36,29.9705414774597,34.3362150012692,1029.07495587451
200,36,29.9835105828093,34.3213243968421,1029.07379326875
1000,37,29.9735852888833,34.3327301690524,1029.07501592231
990,37,29.95355345502,34.3555485569518,1029.07076017719
980,37,29.9732272304341,34.3331400310481,1029.07500768492
970,37,29.9780322911714,34.3276283336147,1029.07475066443
960,37,30.0058527502723,34.2954063416617,1029.06291269866
950,37,29.9865646377213,33.9507903682557,1018.06756987943
940,37,29.9729552581199,33.9662799480771,1018.06978916849
930,37,29.9667087987968,33.9733530899913,1018.06957896647
920,37,29.9707126038413,33.9688186460123,1018.06970113164
910,37,29.9693227520397,33.970394412775,1018.06971417054
900,37,29.9575751519279,33.9836566095049,1018.06794681655
890,37,30.0061347946787,33.9282407376534,1018.05536492034
880,37,29.9709678983758,33.968529952002,1018.06972074647
870,37,29.9698189890984,33.9698321331388,1018.06972012023
860,37,29.9666135585573,33.9734618530034,1018.06960259534
850,37,29.9931688451193,33.9431919816628,1018.06388824831
840,37,29.9647459054446,33.6081938504692,1007.06098907024
830,37,29.9718037249654,33.6002465834588,1007.05999570987
820,37,29.9647038299966,33.6082081730162,1007.0600041613
810,37,29.956786368425,33.6170518054371,1007.05883927176
800,37,29.9590997605591,33.6144722774451,1007.05932835852
790,37,29.9644826848222,33.6084550177577,1007.05996844323
780,37,29.982858505382,33.5877687884811,1007.05731909651
770,37,29.9594559869969,33.6140740639426,1007.05937246234
760,37,29.9729845590659,33.5989129901089,1007.05970025393
750,37,29.9589490187988,33.6146406784331,1007.05930637042
740,37,29.975647634058,33.5959150105446,1007.05931029985
730,37,29.9690863772946,33.2358229107542,996.04724763286
720,37,29.9498466252769,33.2570633973958,996.043947959117
710,37,29.9635031783966,33.2419756412842,996.046042783802
700,37,29.9676882395844,33.2373269374883,996.04585157979
690,37,29.9622029876875,33.2434154326925,996.045961198355
680,37,29.9608728146429,33.2448891322381,996.04589502789
670,37,29.9622951397349,33.2433132606872,996.045963339373
660,37,29.9431257666396,33.2644378682605,996.041246645894
650,37,29.9622621798271,33.243349859472,996.045964225219
640,37,29.9621297683672,33.2434964325387,996.045954065977
630,37,29.9495595015468,33.2573752849931,996.043739963175
620,37,29.9610922655585,33.2446462244638,996.04591286701
610,37,29.9604854092721,32.8775754300329,985.028118963744
600,37,29.9640457400793,32.873651628341,985.027601035044
590,37,29.9591057045679,32.8790739785359,985.027652791267
580,37,29.9582185913886,32.8800460324607,985.027606335376
570,37,29.9526313182489,32.8861584606605,985.026979845676
560,37,29.9517797957857,32.8870879037541,985.026815017891
550,37,29.9579340742902,32.8803573337737,985.027577344297
540,37,29.9604246010655,32.87762677419,985.027658030093
530,37,29.9574737081864,32.8808614940011,985.027543709056
520,37,29.9605508383323,32.8774881931838,985.027656448554
510,37,29.9341759678656,32.9062051462267,985.020135281834
500,37,29.9606892849334,32.5094545220304,974.005665757224
490,37,29.9792595473808,32.489127646634,973.999990186425
480,37,29.9447751323619,32.5266589997713,974.003489555167
470,37,29.9396919208988,32.5321283467662,974.001900233319
460,37,29.9619751217528,32.5080344956474,974.00492081567
450,37,29.9409241154017,32.530803901086,974.002331015431
440,37,29.9397711900048,32.5320431872851,974.00192937067
430,37,29.9400093682884,32.5317873747163,974.00201876617
420,37,29.9439606441256,32.5275362638486,974.003265735052
410,37,29.9617358871812,32.5082949149042,974.004946382955
400,37,29.9519955278148,32.5188639573665,974.004867820657
390,37,29.9557916403254,32.1466683982029,962.978900467199
380,37,29.9483362115505,32.1546520521792,962.978330424084
370,37,29.9547962963743,32.1477227715586,962.978487014351
360,37,29.9541194927852,32.1484494172031,962.978495350663
350,37,29.9538749596282,32.1487110166293,962.978469905336
340,37,29.9647836599533,32.1369618622998,962.977109691984
330,37,29.9533862310869,32.1492354792203,962.978467343247
320,37,29.9450553558173,32.158154120357,962.977705274993
310,37,29.9562609230767,32.1461477241499,962.978388896404
300,37,29.9567913210888,32.1455776093893,962.978360340339
290,37,29.9533842426154,32.1492376055681,962.978467106722
280,37,29.9491756006885,31.7854632971074,951.948421834308
270,37,29.9536664497321,31.7806760677577,951.9477704806
260,37,29.9529074116205,31.7814770635773,951.947639889871
250,37,29.9502338728536,31.7843175961591,951.94774549402
240,37,29.9465241391608,31.7882507122594,951.947617296371
230,37,29.9495115259705,31.785083805786,951.947733795325
220,37,29.9565343370279,31.777616081834,951.947247304352
210,37,29.9505944957483,31.7839340067402,951.947718915499
200,37,29.9497381679429,31.7848436707177,951.94774564699
1000,38,29.9507029157447,31.783818670957,951.94771054173
990,38,29.9604878165932,31.7733965735545,951.946460933764
980,38,29.9444513889765,31.4219860842559,940.9141348451
970,38,29.9409113952782,31.425658891555,940.912868410284
960,38,29.9366251478797,31.4301361730503,940.91220495942
950,38,29.9495959718882,31.4165433082609,940.912778915743
940,38,29.9503199444774,31.4157811160922,940.91269573263
930,38,29.9553989516671,31.4104295090285,940.911947186166
920,38,29.9463449833695,31.4199595413523,940.912947788848
910,38,29.9332361430885,31.4336674862234,940.911391708447
900,38,29.9332486586617,31.4336544671485,940.911395415607
890,38,29.9332606861565,31.4336419413432,940.911398545529
880,38,29.9332630418972,31.4336394878193,940.911399153064
870,38,29.9889782244234,31.3746376401107,940.893324988454
860,38,29.9396001960449,31.0583435624065,929.874389009855
850,38,29.9433280754933,31.0544702596155,929.874191194318
840,38,29.9364961082022,31.0615504354597,929.873983725867
830,38,29.9477066054221,31.0499163582151,929.873785218721
820,38,29.9477516252648,31.049869481909,929.8737792411
810,38,29.9413036582903,31.0565703829228,929.874204420157
800,38,29.9411628507004,31.0567170485301,929.874222758162
790,38,29.9415173576019,31.0563487867897,929.874206263401
780,38,29.9423505970836,31.0554840022297,929.874189956884
770,38,29.9449718523295,31.0527620821024,929.874086485643
760,38,29.943960081701,31.0538135943561,929.874154653984
750,38,29.9371445853466,30.692040866206,918.832065030977
740,38,29.9323022595382,30.6969897666954,918.831576154676
730,38,29.9358069185659,30.6933985113287,918.831651509734
720,38,29.9307998209088,30.6985206162576,918.831275363246
710,38,29.9357920920363,30.6934127275181,918.831622006041
700,38,29.9354805714425,30.6937318833238,918.831614458305
690,38,29.9355054816407,30.6937063494215,918.831614674976
680,38,29.9354988043933,30.6937131884125,918.831614454116
670,38,29.9354874257942,30.6937248409347,918.831614026588
660,38,29.9376711866827,30.6914864187278,918.83162863441
650,38,29.9350427901829,30.6941803421165,918.831601950848
640,38,29.9250822457736,30.3352809449656,907.785777226745
630,38,29.93517445526,30.3250372175727,907.785279470292
620,38,29.9306709323611,30.32959815318,907.78522183358
610,38,29.9282911444141,30.3320047320598,907.785068614833
600,38,29.9343939654397,30.3258236611022,907.785152797888
590,38,29.9291034415682,30.331183354671,907.785124127119
580,38,29.934208393227,30.3260125460574,907.785179289299
570,38,29.9310739275535,30.3291895393065,907.785214263766
560,38,29.9352676328063,30.3249377883769,907.785128643262
550,38,29.9352817009734,30.324923510951,907.78512786079
540,38,29.9312051260199,30.329056727553,907.785218191081
530,38,29.9274450166191,29.9636683408083,896.736036765749
520,38,29.9307498780762,29.9603323933835,896.735215130386
510,38,29.9254182198447,29.9656663037081,896.735096374773
500,38,29.926075460068,29.9650074621578,896.735074474035
490,38,29.9280323550078,29.9630483312308,896.735079911736
480,38,29.9288795668392,29.9621994749581,896.735059643634
470,38,29.9281986655435,29.9628817083884,896.735076360827
460,38,29.9288635872826,29.9622154852778,896.735060031645
450,38,29.9281966852803,29.9628836910976,896.735076365349
440,38,29.9281819664018,29.962898435489,896.735076618128
430,38,29.9276642833611,29.9634169696162,896.735083849039
420,38,29.9583547255469,29.9324010923478,896.725489711905
410,38,29.9256502886532,29.5960605671694,885.681358454911
400,38,29.9224433587563,29.5992323261704,885.681352742503
390,38,29.9215799892049,29.6000840954406,885.681283948918
380,38,29.9220573107262,29.5996120073476,885.681286859114
370,38,29.9221154692411,29.5995536730032,885.681262841603
360,38,29.9220029807715,29.5996656323705,885.68128328163
350,38,29.9222502272358,29.5994203434366,885.681262097443
340,38,29.9222482484862,29.5994222961936,885.681261958482
330,38,29.9222296163292,29.5994407197071,885.68126173
320,38,29.9196987767021,29.601942530461,885.681203716642
310,38,29.9078403415172,29.6136152506251,885.679276850814
300,38,29.9251033486294,29.2282485822773,874.658359524079
290,38,29.9235669390909,29.2297388886325,874.658048246142
280,38,29.9225139147888,29.2307688717847,874.658088305953
270,38,29.9110243882775,29.2419939474378,874.657994123676
260,38,29.9229332158687,29.230357139638,874.658024565378
250,38,29.921800442525,29.231467591983,874.658139929452
240,38,29.9228968075285,29.2303928182858,874.658027945087
230,38,29.9206376249352,29.2326067032663,874.658232000682
220,38,29.9106806979316,29.2423284682119,874.657949676723
210,38,29.9301387203934,29.2232762709484,874.656712653868
200,38,29.9208001100264,29.2324475874979,874.658220992346
1000,39,29.8835490134663,28.8978594042092,863.570597889944
990,39,29.8789683808558,28.9021893514574,863.567601769704
980,39,29.8850180151681,28.8964430184215,863.570720179802
970,39,29.8676337840202,28.9135321170166,863.578788673556
960,39,29.8843541275099,28.8970736052809,863.570380868933
950,39,29.9644705266616,28.8199990948057,863.57601345472
940,39,29.8836988795004,28.8976963735573,863.570056738619
930,39,29.8650904453666,28.9159218836162,863.576622365353
920,39,29.9631389787378,28.8213249961114,863.577366409857
910,39,29.8841376337333,28.8972793853786,863.5702743931
900,39,29.9640152794586,28.8204524199817,863.576476673241
890,39,29.9349304674355,28.4794929971381,852.531642617146
880,39,29.9344599468952,28.4799150261412,852.530875641003
870,39,29.9236169242863,28.4903907692273,852.535539401581
860,39,29.9005161789648,28.5124970995541,852.538380827903
850,39,29.899675104354,28.5132961152207,852.538289999335
840,39,29.8954301932059,28.5173227228081,852.537630756832
830,39,29.9071548408985,28.5061738957979,852.538556623206
820,39,29.9237447251813,28.4902667887601,852.53547053917
810,39,29.9246447023359,28.4893992739165,852.535151054939
800,39,29.8995344584153,28.5134295503615,852.53826936863
790,39,29.9325006499873,28.4818073361391,852.531716601797
780,39,29.8800458252982,28.1608891953001,841.448659636712
770,39,29.8811493597885,28.1604888160012,841.467772355586
760,39,29.8967124155909,28.1459247844527,841.470618951635
750,39,29.8884083920921,28.1537050540216,841.469434405106
740,39,29.8678053174587,28.1728513528121,841.461239443496
730,39,29.8896013664283,28.1525891867755,841.46966822554
720,39,29.8529254065694,28.18653521406,841.450533214974
710,39,29.8783033300043,28.1631247046881,841.466382647407
700,39,29.8777208825165,28.1636661476748,841.466156188607
690,39,29.8727238838711,28.1683020793823,841.463910294862
680,39,29.9037761891671,28.1392689140241,841.470399731764
670,39,29.924837265137,28.1192710286667,841.464609547134
660,39,29.8845047601961,27.7869392016471,830.398916842903
650,39,29.9254267051634,27.7486859169267,830.39126657159
640,39,29.9149400744139,27.7585875330377,830.396482601196
630,39,29.8909172841385,27.7810405602919,830.400785454981
620,39,29.9333831585502,27.7411289963202,830.38584349762
610,39,29.9336051069659,27.7409178257806,830.385679501707
600,39,29.921916651359,27.7520055242797,830.393196205552
590,39,29.9219251307862,27.7519975110576,830.393191755631
580,39,29.9219268577196,27.7519958790578,830.393190848902
570,39,29.9219282554504,27.7519945577429,830.393190102432
560,39,29.9219290884349,27.7519937704099,830.393189660892
550,39,29.8826919638559,27.4181094472786,819.326918844316
540,39,29.8934580822662,27.4082082062818,819.326123124511
530,39,29.8713512587336,27.4284328403194,819.324351849764
520,39,29.8881062247427,27.4131264330045,819.326434781939
510,39,29.886676422541,27.4144378322862,819.326432799404
500,39,29.8996712545184,27.4024724280301,819.324917159105
490,39,29.8680411072449,27.4314377477181,819.323310279675
480,39,29.8877852876041,27.41341994564,819.326409334212
470,39,29.8881167918386,27.4131156691689,819.326402748303
460,39,29.8808397214382,27.4197820706142,819.326113248788
450,39,29.8674204439054,27.4320004367061,819.323090660498
440,39,29.8927452132673,27.0383030444672,808.249103907368
430,39,29.8629767478316,27.065172861215,808.246627830508
420,39,29.8482637176964,27.0782929250033,808.24002825053
410,39,29.8737866152446,27.0554453713864,808.248601805205
400,39,29.8732788554196,27.0559030940322,808.248537813232
390,39,29.9192900734363,27.0138548187715,808.235358324519
380,39,29.9182947773974,27.0147767623854,808.236054522632
370,39,29.9180747981638,27.0149804349135,808.236205322675
360,39,29.8343565047178,27.0905939294369,808.230437215364
350,39,29.85441490181,27.0728327519966,808.243581545416
340,39,29.9148809961183,27.0179347343476,808.238302338898
330,39,29.8853453702104,26.6742146075569,797.16811602595
320,39,29.8749115863933,26.6835641824073,797.169120759267
310,39,29.8624380748751,26.6946710701386,797.167961761174
300,39,29.8651441813512,26.6922666128245,797.168390919071
290,39,29.8648598314377,26.6925192981349,797.168347386743
280,39,29.8647683013409,26.6926006395046,797.16833345903
270,39,29.8647551249114,26.6926123490223,797.168331447736
260,39,29.8647530671929,26.692614177203,797.168331120019
250,39,29.8647527882356,26.6926144251068,797.168331077505
240,39,29.8647527033446,26.692614500498,797.168331063081
230,39,29.86475283941,26.6926143796745,797.168331086659
220,39,29.8826106310207,26.3057257963695,786.083761339307
210,39,29.8449386382198,26.3383297518811,786.065835278092
200,39,29.9005792524437,26.2896252899062,786.075024497889
1000,40,29.8505698664633,26.3339574986025,786.083638172509
990,40,29.8445213133934,26.3392307996815,786.081734979482
980,40,29.8607357949046,26.3250561191578,786.085545560207
970,40,29.892574979573,26.2968092610743,786.079342560193
960,40,29.8985896605673,26.2914134511809,786.076182373178
950,40,29.8402640163616,26.3429301227459,786.079989827301
940,40,29.8989100508239,26.2911255582367,786.075998200639
930,40,29.8684814924553,26.3182299224006,786.085563351404
920,40,29.8486727780352,25.9643150751703,775.000344584565
910,40,29.8610083754167,25.9535701685956,774.999776176397
900,40,29.8223032179541,25.9868813115523,774.988654162097
890,40,29.878795424416,25.9379919590336,774.995955464111
880,40,29.8467776245387,25.9659038895393,774.998559211224
870,40,29.8443594045464,25.9679900021274,774.998026637157
860,40,29.8545872112684,25.9591439731397,774.999527675974
850,40,29.8372319555449,25.9741231361755,774.995936855955
840,40,29.8440766119076,25.9682334568063,774.997948760831
830,40,29.8633678213138,25.951506988675,774.999398720197
820,40,29.8510903277007,25.9621748258774,774.999225830824
810,40,29.8148745349377,25.6214944802055,763.901643324926
800,40,29.8920077431525,25.5551971941717,763.896152405971
790,40,29.8844881809773,25.5617890682389,763.900983294418
780,40,29.8394847120983,25.6006415404675,763.90995186669
770,40,29.8772554926273,25.5681033624581,763.904756622063
760,40,29.8657556240065,25.5780888359928,763.908950504891
750,40,29.8510646651398,25.5907433008933,763.910933103961
740,40,29.8509682330751,25.590827096291,763.910966709502
730,40,29.85307084787,25.5890203687659,763.910837996357
720,40,29.8829729173223,25.563113847784,763.901838795756
710,40,29.8509433962912,25.590848389536,763.91096673911
700,40,29.84358902502,25.2255354623712,752.820513275072
690,40,29.8299657105279,25.2369946548936,752.818685192253
680,40,29.86742078789,25.2052004033406,752.814326489669
670,40,29.828515366611,25.2382014890532,752.818080941849
660,40,29.8495702580922,25.2204370434463,752.81920746814
650,40,29.843684977057,25.2254254413681,752.819650284429
640,40,29.8437974167222,25.2253303421911,752.819648502247
630,40,29.8438108459505,25.22531898295,752.819648255925
620,40,29.8438170846222,25.2253137060859,752.819648146641
610,40,29.8438180437829,25.2253128947977,752.819648129833
600,40,29.8438182912059,25.2253126855214,752.819648125553
590,40,29.8451858670411,24.8524334093323,741.725494349785
580,40,29.8349488844978,24.8609863395119,741.726256657535
570,40,29.8308984750469,24.8643502464763,741.725907850642
560,40,29.8200666096042,24.8733319415711,741.724415300444
550,40,29.8189601647983,24.8742457161021,741.724142137855
540,40,29.8424440418741,24.8547118500876,741.725347563144
530,40,29.8310151375647,24.8642526362622,741.72589677657
520,40,29.8302731909578,24.8648695107317,741.725850362645
510,40,29.8424319690293,24.854721959355,741.72534918119
500,40,29.8310134263589,24.8642540593507,741.725896680888
490,40,29.8302728578931,24.8648697875993,741.725850340068
480,40,29.842907817687,24.4824854260416,730.628555717225
470,40,29.8278730259778,24.4948768721507,730.630077129471
460,40,29.8268503368397,24.4957121159951,730.629939178097
450,40,29.8228144292992,24.4990249547429,730.629874924068
440,40,29.8103549873375,24.509206443727,730.628144545441
430,40,29.8225321401665,24.4992573052816,730.629888396969
420,40,29.8283856703442,24.4944467116735,730.629803297491
410,40,29.8277562201714,24.4949644314002,730.629827681574
400,40,29.8276609781255,24.4950427505788,730.629830808954
390,40,29.8276363238152,24.4950630235094,730.629831594172
380,40,29.8276326037467,24.4950660824534,730.629831711916
370,40,29.802487904866,24.1433326026026,719.531377872221
360,40,29.8218632394096,24.1276531181606,719.531571577698
350,40,29.8171018001278,24.1315106769435,719.531710445296
340,40,29.8077410499808,24.1390704627065,719.531161539594
330,40,29.8079759780174,24.1388813269192,719.531194729021
320,40,29.808014057799,24.1388506668145,719.531200015516
310,40,29.8080200457289,24.1388458455458,719.531200844789
300,40,29.8080207202695,24.1388453024289,719.53120093818
290,40,29.8080210929732,24.1388450023365,719.531200989657
280,40,29.8080211519595,24.1388449548458,719.531200997915
270,40,29.808021161117,24.1388449474723,719.531200999176
260,40,29.8095520317911,23.7652892653837,708.432626907024
250,40,29.8021593081559,23.7711469737266,708.431509048589
240,40,29.8135117690574,23.7620813194645,708.431091075155
230,40,29.8124429346193,23.7629365478473,708.431189791677
220,40,29.8122727129954,23.7630726898409,708.431203528268
210,40,29.812234488111,23.7631032598772,708.431206548655
200,40,29.8122303428607,23.7631065749648,708.431206874796
1000,41,29.8122294987382,23.7631072500389,708.431206941289
990,41,29.8122293265878,23.7631073877129,708.431206954829
980,41,29.8122292877779,23.7631074187497,708.431206957863
970,41,29.8122292831943,23.7631074224122,708.431206958129
960,41,29.7934262351523,23.4054900315922,697.329740753836
950,41,29.7928269474786,23.4059419178072,697.329177099966
940,41,29.812895359831,23.3901200567905,697.327201706978
930,41,29.8152239517382,23.3882706081067,697.326526024557
920,41,29.8148568503561,23.3885619557855,697.32662664743
910,41,29.8147891375735,23.3886156885796,697.326644974742
900,41,29.8147766489701,23.3886255985452,697.32664834701
890,41,29.8147743453444,23.3886274265111,697.32664896876
880,41,29.8147739204368,23.3886277636793,697.326649083349
870,41,29.8147738420839,23.3886278258537,697.326649104499
860,41,29.8147738277536,23.3886278372248,697.326649108359
850,41,29.7770619556015,23.0454348947015,686.225342653308
840,41,29.7861349279178,23.0384081195209,686.225132772486
830,41,29.7864081180101,23.0381926152198,686.225007538263
820,41,29.7877896462636,23.0371239128511,686.225001170916
810,41,29.7883906469286,23.0366584675627,686.224981631632
800,41,29.7885852242301,23.0365078348833,686.224976908066
790,41,29.785502571991,23.038892038745,686.224978075863
780,41,29.7887150485489,23.0364073739622,686.224975005249
770,41,29.7875059304396,23.0373433459804,686.225001539966
760,41,29.7903006912067,23.0351789612597,686.224907731685
750,41,29.7918827423023,23.0339526550871,686.224816592099
740,41,29.7787647001421,22.6711966620595,675.120230870118
730,41,29.7690353189349,22.678561010442,675.118883702469
720,41,29.772736304757,22.6757477863787,675.11905935703
710,41,29.7769100809251,22.6725721270381,675.1191415301
700,41,29.7773490879993,22.6722374429142,675.119128943665
690,41,29.7744099249402,22.6744741410716,675.119087908721
680,41,29.7764994757876,22.6728844898123,675.119133125487
670,41,29.7742956272369,22.6745610195994,675.119083015374
660,41,29.7742124222081,22.6746242565135,675.119079207185
650,41,29.776890522051,22.6725865423507,675.119127323304
640,41,29.7742926822687,22.6745632580126,675.119082886686
630,41,29.761356959456,22.3112371790838,664.012693893799
620,41,29.7675832644183,22.3065426787064,664.011866529693
610,41,29.7643365937697,22.3089712512807,664.011729383851
600,41,29.7647124432111,22.3086889337672,664.011711098627
590,41,29.8257977468162,22.262087183819,663.984509766574
580,41,29.7911516351385,22.2887290945791,664.00690821113
570,41,29.7642867468956,22.3090075934062,664.011699048814
560,41,29.7642851872445,22.3090087608301,664.011699002081
550,41,29.8239717037226,22.2635052646436,663.986151038411
540,41,29.7642850616979,22.3090088547975,664.011698998135
530,41,29.7642850497516,22.309008863739,664.011698997762
520,41,29.7546110686689,21.9437985480123,652.929191165328
510,41,29.7591444075431,21.9404354852396,652.92858796963
500,41,29.7572007469296,21.941867564307,652.928557873628
490,41,29.7269672654643,21.9639877744583,652.922745590382
480,41,29.7262667054918,21.9644954141796,652.922448733454
470,41,29.7261588420753,21.9645735479885,652.922402185951
460,41,29.7261281073948,21.9645958200768,652.922389174753
450,41,29.7261274623874,21.9645962873311,652.922388897084
440,41,29.7228309113739,21.9669828942398,652.920918198533
430,41,29.7261149950449,21.9646053113391,652.922383305639
420,41,29.7261052257643,21.9646123881577,652.9223790935
410,41,29.7836032681709,21.5492664416936,641.81480241951
400,41,29.7787371322105,21.5528321604746,641.816123361427
390,41,29.7736689176835,21.5565812810373,641.81851405874
380,41,29.7794443405892,21.5523039341039,641.815635417109
370,41,29.7790221485624,21.5526168663897,641.815855023698
360,41,29.7789332629873,21.552682738971,641.815900922156
350,41,29.778922636356,21.5526906140646,641.815906401545
340,41,29.7789205683628,21.5526921465903,641.815907467691
330,41,29.7789201657238,21.5526924449768,641.815907675363
320,41,29.7789200811627,21.552692507639,641.815907718855
310,41,29.7789200708667,21.5526925152724,641.815907724262
300,41,29.6900948681027,21.2428544835516,630.702364885949
290,41,29.7181769047333,21.2226796872841,630.699349339198
280,41,29.7183954009855,21.2218758194869,630.680096754124
270,41,29.6931951564995,21.2406589961164,630.70303282434
260,41,29.6927652435556,21.2409585970575,630.70279717051
250,41,29.6926914732899,21.2410100010217,630.702756541401
240,41,29.6926800082562,21.2410179897781,630.702750220096
230,41,29.6926782266792,21.2410192311647,630.702749237679
220,41,29.6926779500387,21.2410194239285,630.702749085226
210,41,29.6926779067568,21.2410194540838,630.702749061266
200,41,29.7276514935211,21.2153025796801,630.681121418328
1000,42,29.7532792968071,20.8244364409358,619.595273625769
990,42,29.7148578158952,20.8516238609995,619.603038260126
980,42,29.7430712057415,20.8317005504989,619.598752810174
970,42,29.7247178376443,20.8446963193174,619.602716503092
960,42,29.7194830291955,20.8483767547277,619.602979148405
950,42,29.7029615822372,20.8599170157813,619.601313728408
940,42,29.7244321088471,20.8448974188281,619.602738141839
930,42,29.7194427471826,20.8484050183853,619.602979313975
920,42,29.7029576061877,20.8599197778208,619.601312829088
910,42,29.7040172022471,20.8591831652411,619.601535565147
900,42,29.7194424740503,20.8484052100221,619.602979314942
890,42,29.6786321496212,20.5024756766705,608.485433764458
880,42,29.6870895031388,20.496691098795,608.487103168115
870,42,29.6634989740015,20.5126518481708,608.477027052264
860,42,29.6918569678136,20.4934226687917,608.487774662712
850,42,29.6941557082726,20.491850170459,608.488189712201
840,42,29.6944069777604,20.4916781902039,608.488231837211
830,42,29.6826675198288,20.4992949909603,608.473757607566
820,42,29.686280947979,20.4972292813957,608.486507102655
810,42,29.6936498499713,20.4921963651183,608.488103522677
800,42,29.6862305448977,20.4972636147113,608.486493205862
790,42,29.690230689763,20.4941365668146,608.475642456232
780,42,29.6903531729953,20.1202279596657,597.376674043649
770,42,29.7260963810499,20.0957439975865,597.368022921163
760,42,29.6874728171892,20.1221440220198,597.375603677278
750,42,29.686311955114,20.1229276378909,597.375507308614
740,42,29.6821364364004,20.1257408448985,597.374985641914
730,42,29.6812418158763,20.1263428487164,597.374848961986
720,42,29.6810669276915,20.1264604998287,597.374821112955
710,42,29.6810351158735,20.1264818989939,597.374816003032
700,42,29.6810293293977,20.1264857913945,597.374815072087
690,42,29.6810282768569,20.1264864994079,597.374814902702
680,42,29.6810280853358,20.1264866282384,597.374814871881
670,42,29.7006391464936,19.7389357353162,586.259007410454
660,42,29.7141604842801,19.7297450890015,586.252811888528
650,42,29.702851999948,19.7374042466976,586.257197202805
640,42,29.7013240192296,19.7384350344094,586.257654589507
630,42,29.7006408633016,19.7388957794103,586.257854582406
620,42,29.7005782408626,19.73893800796,586.257872696953
610,42,29.7004233285983,19.7390424280129,586.257916213147
600,42,29.7005141704141,19.7389812052481,586.25789099601
590,42,29.700550773684,19.7389565282457,586.257880586704
580,42,29.6546161502147,19.7694961002368,586.25681833569
570,42,29.7005131864728,19.7389818686692,586.257891277956
560,42,29.6719806220343,19.3835150106637,575.147281783323
550,42,29.6622698995128,19.3898186915076,575.146035330118
540,42,29.6428022298755,19.4024430814617,575.142783040185
530,42,29.6417809894293,19.4027606774239,575.132382590511
520,42,29.6737658422366,19.3822736924703,575.145051040507
510,42,29.692630265009,19.3698021655364,575.140374007642
500,42,29.6754573908327,19.381162475056,575.144861213331
490,42,29.6754998638217,19.381134537684,575.144855333752
480,42,29.6755156155622,19.3811241765103,575.144853147183
470,42,29.6755166289645,19.3811235099149,575.144853006493
460,42,29.6755169214129,19.3811233175464,575.144852965837
450,42,29.6608605450518,19.0159963892387,564.030817026418
440,42,29.6570910854321,19.0183901685517,564.030129527024
430,42,29.660669467215,19.016078177202,564.029609376708
420,42,29.6441791708835,19.0266697233064,564.03000630292
410,42,29.6494185086927,19.023319934873,564.030374173806
400,42,29.6471681719911,19.0247619092904,564.030315756824
390,42,29.6424967174828,19.0277446353041,564.029857893104
380,42,29.6450740485047,19.0261045891793,564.030279400818
370,42,29.6484276225435,19.0239550553508,564.030354553089
360,42,29.6469126472419,19.0249255344483,564.030305440071
350,42,29.6424761168231,19.0277577902549,564.029855854325
340,42,29.6213517270552,18.6661149774344,552.915557124237
330,42,29.6420052353204,18.653084631302,552.91483229593
320,42,29.6333835468041,18.6585181148666,552.915023712835
310,42,29.6448976121171,18.6512426708321,552.914179315567
300,42,29.6459482374534,18.6505772126647,552.914046645284
290,42,29.644760423573,18.6513295644227,552.914196518415
280,42,29.6340058837768,18.6581244890849,552.914970889781
270,42,29.605778659164,18.6757406016515,552.909842548458
260,42,29.6345520048077,18.6577808256203,552.91497617115
250,42,29.6447410530612,18.6513418328413,552.914198926709
240,42,29.6345914711413,18.6577559839003,552.914976351126
230,42,29.6242720604129,18.2891066160146,541.801470134715
220,42,29.6020819862109,18.3027142353957,541.798447366373
210,42,29.6455397569701,18.2757776145392,541.795291861368
200,42,29.6328050419291,18.283741590947,541.798550001542
1000,43,29.6383361452326,18.2802882679137,541.797328516176
990,43,29.6306160328139,18.2851040284652,541.798896587511
980,43,29.6369485025315,18.2811549390727,541.797647496098
970,43,29.628219531248,18.2865931712748,541.799196957151
960,43,29.6288303933741,18.2862140577373,541.799134853632
950,43,29.6309008255127,18.284927497844,541.798873290305
940,43,29.6289597861931,18.2861350304387,541.799159461766
930,43,29.5981413706134,17.9297162332204,530.686275805838
920,43,29.6065622845856,17.9245821125673,530.685256740894
910,43,29.6095021451214,17.9227907211605,530.684910304764
900,43,29.6093916683152,17.922856715726,530.684884311024
890,43,29.6039654232834,17.9261512512789,530.68516181541
880,43,29.6040638749765,17.9260918984583,530.685169590657
870,43,29.6035298642637,17.9264154809847,530.68517605053
860,43,29.6033511652507,17.9265237422,530.685177512552
850,43,29.6032755576132,17.9265695440226,530.685178014419
840,43,29.6032696796258,17.9265731047191,530.685178050524
830,43,29.6032671930183,17.9265746110223,530.685178065669
820,43,29.5871190355,17.5607888952862,519.573151402118
810,43,29.5899836904193,17.5590302957792,519.571420071686
800,43,29.586577052551,17.5610495799935,519.571346522144
790,43,29.5852521065272,17.5618352481782,519.571323270648
780,43,29.5847049294476,17.5621598863814,519.571318162372
770,43,29.5846030634865,17.5622202797583,519.571315890162
760,43,29.5845341353049,17.5622611957211,519.571315837951
750,43,29.5845143991645,17.5622729017099,519.571315542694
740,43,29.5845305389916,17.5622633288205,519.5713157853
730,43,29.5845239350822,17.5622672458071,519.571315687889
720,43,29.584576274984,17.5622361695148,519.571315516294
710,43,29.5671664256978,17.1967663202453,508.459651774528
700,43,29.6013037350664,17.1766677232014,508.451758430795
690,43,29.5916254940528,17.1823945468789,508.454984522294
680,43,29.5893520009481,17.1837345557899,508.455570462121
670,43,29.58897104205,17.1839588994111,508.455662262454
660,43,29.5863831757913,17.1854824490282,508.456268797784
650,43,29.5860668484182,17.1856683741303,508.456333351766
640,43,29.5885186270902,17.1842252633576,508.455769296972
630,43,29.5862690793823,17.185549534252,508.456292797431
620,43,29.588758894816,17.1840838087086,508.45571264419
610,43,29.5864986863908,17.185414363302,508.456239484917
600,43,29.5296286081449,16.8429282108808,497.365414740957
590,43,29.5512738422662,16.8299614698046,497.346800148986
580,43,29.5440758150867,16.8340476953923,497.346381387456
570,43,29.5401374158357,16.8362799880076,497.346024417229
560,43,29.538687240546,16.8371007320451,497.345852561447
550,43,29.5384962263238,16.8372087845588,497.345828144517
540,43,29.5384453939521,16.8372375371783,497.345821576942
530,43,29.5384379004052,16.8372417757223,497.34582060628
520,43,29.5384369130153,16.8372423342175,497.345820478434
510,43,29.5384366506055,16.8372424826424,497.345820444416
500,43,29.5384366158975,16.8372425022715,497.345820439841
490,43,29.5323195487477,16.4654909354471,486.264139832633
480,43,29.5337224308321,16.4637633661834,486.236217423762
470,43,29.4750292510714,16.4965568685571,486.236496242683
460,43,29.4785321346369,16.4946641904241,486.238488387462
450,43,29.5236442407201,16.4693702221145,486.235827306419
440,43,29.5219020822357,16.4703367767556,486.235669584823
430,43,29.5128606245219,16.4753381489142,486.234358530775
420,43,29.5212660327434,16.4706893981587,486.23560346573
410,43,29.4898902796118,16.488500663941,486.244075454927
400,43,29.5953111652631,16.4296994621243,486.242067933324
390,43,29.5208349622951,16.4709283049993,486.235556167678
380,43,29.517155862693,16.0976949742746,475.158171585755
370,43,29.5031583749722,16.105271347286,475.156371230882
360,43,29.4902962873228,16.1122259845082,475.154318131449
350,43,29.4823185067924,16.11651241351,475.152152193774
340,43,29.4808558822585,16.1172960524985,475.151682135403
330,43,29.4799307020068,16.1177913843458,475.151373079917
320,43,29.4798800926216,16.1178184662436,475.151355739502
310,43,29.4788683161896,16.118359820993,475.151006636014
300,43,29.4798743970482,16.1178215146005,475.151353804463
290,43,29.4787031685108,16.1184481512284,475.150948587093
280,43,29.479806803776,16.1178576906672,475.151330811626
270,43,29.4533568864694,15.7549067777095,464.034892036934
260,43,29.4703096527639,15.7459438021152,464.037839623353
250,43,29.5215281449767,15.718868160421,464.045008805047
240,43,29.51778658913,15.7209004949086,464.046185797661
230,43,29.5170108143394,15.7213212998204,464.046410822503
220,43,29.5359424795207,15.7109884925019,464.038852410947
210,43,29.5173121157858,15.7211578880088,464.046324201903
200,43,29.5143841831085,15.7227455257778,464.047151861058
1000,44,29.5358997979962,15.7110119086762,464.038873459784
990,44,29.5172380366143,15.7211980678695,464.046345590066
980,44,29.5359405740405,15.7109895377453,464.038853346217
970,44,29.4488285755398,15.3806999263902,452.943595504084
960,44,29.4634059057392,15.3731298467532,452.944764716523
950,44,29.439476283019,15.385468338854,452.940130264832
940,44,29.4369871479261,15.3867414060575,452.939309018578
930,44,29.4713958733226,15.3689514780869,452.944453168585
920,44,29.502305385635,15.3526841168673,452.939575305007
910,44,29.4351889080578,15.3876601617738,452.938683714806
900,44,29.471041748221,15.3691363695957,452.944459582458
890,44,29.435837524396,15.387328948328,452.93891485742
880,44,29.4360448000061,15.3872229505827,452.938984121034
870,44,29.4711866592949,15.3690607152575,452.94445711739
860,44,29.4572505361652,14.9994645985053,441.842986586511
850,44,29.4138555978257,15.0213942110966,441.83712020321
840,44,29.4419901693136,15.0072090345323,441.842100863534
830,44,29.4622963928702,14.9968434408559,441.841446411968
820,44,29.4338511774123,15.0113306686394,441.841272875657
810,44,29.4616992646355,14.9971504685947,441.841536932226
800,44,29.461648524723,14.9971765514143,441.841544420985
790,44,29.4317916965906,15.0123709767944,441.840975460954
780,44,29.431953323844,15.0122894057351,441.841001073633
770,44,29.4320273025059,15.0122520670138,441.841012708451
760,44,29.4320359075054,15.0122477237579,441.841014058007
750,44,29.4420115006882,14.6302082864745,430.742760627848
740,44,29.4369789274592,14.6326844455797,430.74202367669
730,44,29.4116541618004,14.6452723215446,430.741684626656
720,44,29.4086451985252,14.6467559291965,430.741248431134
710,44,29.4487539370804,14.6267348374966,430.739115132358
700,44,29.4486046613813,14.6268102112682,430.739151368691
690,44,29.4496733420637,14.6262705650182,430.738890352426
680,44,29.4338162367734,14.634238569481,430.741488819204
670,44,29.4503010793775,14.6259533461637,430.738729617449
660,44,29.4494306115969,14.6263930752546,430.738947967654
650,44,29.4491423255975,14.6265386948086,430.73901975428
640,44,29.3884257218179,14.2793457507226,419.647491951266
630,44,29.4107277115137,14.2684302448748,419.644916802741
620,44,29.404946910206,14.2712370317935,419.644967262855
610,44,29.3947611757471,14.2761818199971,419.644955100359
600,44,29.3931538854145,14.2769587498388,419.644845549727
590,44,29.3872174161306,14.2798214487797,419.644217578813
580,44,29.3934229208389,14.2768287566275,419.644865611946
570,44,29.392876523234,14.2770927432193,419.644824112205
560,44,29.3928766618548,14.2770926753435,419.644824096244
550,44,29.38722234982,14.2798188428438,419.644211449801
540,44,29.3872680162084,14.2797968592792,419.644217520648
530,44,29.3598340606064,13.9154198672578,408.554418186354
520,44,29.3683450201303,13.9112890260507,408.551535791809
510,44,29.3767607212631,13.907299967999,408.551423438737
500,44,29.367215867149,13.9118050625565,408.550982373792
490,44,29.3644555581818,13.9131038677893,408.550720202066
480,44,29.362585046804,13.9139831692592,408.550514147172
470,44,29.3647776209385,13.912952038095,408.550742649442
460,44,29.3644072652461,13.9131261063663,408.550701320069
450,44,29.3628319739824,13.9138672307242,408.550545604056
440,44,29.3648640095431,13.9129114294872,408.550752103708
430,44,29.3627761237561,13.9138934515074,408.550538426407
420,44,29.4953101602908,13.8490179908623,408.481081055929
410,44,29.3504321530475,13.5419542749896,397.462210167753
400,44,29.385016067977,13.5263212521118,397.471167333924
390,44,29.3864217157036,13.5256556262392,397.470620214043
380,44,29.3765621175332,13.5302926863686,397.473483569513
370,44,29.3752192237895,13.530921769143,397.473793268523
360,44,29.3748898817799,13.5310759665069,397.47386649814
350,44,29.3748545286831,13.5310925167362,397.473874293277
340,44,29.3752071212896,13.5309274151166,397.473795362185
330,44,29.3748516423071,13.5310938679584,397.473874929409
320,44,29.3748514297847,13.5310939674468,397.473874976206
310,44,29.3465106900694,13.5437367107415,397.461414165261
300,44,29.3296757682415,13.1743241004066,386.398654330656
290,44,29.3227966328313,13.1773919501687,386.397984305904
280,44,29.3318150147892,13.1733264003255,386.397573103785
270,44,29.323747074109,13.1769597054869,386.397833609424
260,44,29.3230676946426,13.1772648034992,386.397827863239
250,44,29.3229665319733,13.1773102229968,386.397826650366
240,44,29.3229514702128,13.1773169851035,386.397826461801
230,44,29.3161568306742,13.180362764653,386.397581893745
220,44,29.2990216484765,13.1879891199764,386.395178726061
210,44,29.3012634720437,13.1869960880542,386.395646780887
200,44,29.3229488648098,13.1773181548135,386.397826428925
1000,45,29.2818288485414,12.8175292725877,375.320698421083
990,45,29.2784885807474,12.8189277529783,375.318829833
980,45,29.2625028373562,12.8258101251329,375.315305178092
970,45,29.3090916440086,12.8047053584409,375.294282825073
960,45,29.2647689523782,12.8248366218744,375.315880591153
950,45,29.3096395130347,12.8044638306918,375.294219035267
940,45,29.2664467369373,12.8241165422011,375.316323730606
930,45,29.309659639131,12.8044549565892,375.294216642214
920,45,29.2664499895932,12.8241151457813,375.316324574793
910,45,29.309660362598,12.8044546375871,375.29421655597
900,45,29.3084792387481,12.8049752396427,375.294350963751
890,45,29.2566579192172,12.4500135013934,364.245786099904
880,45,29.2662581749713,12.4459109461242,364.245242971971
870,45,29.2457692734708,12.4543117356654,364.235927481151
860,45,29.2475797104143,12.4535501501052,364.236200692844
850,45,29.2475206220734,12.4535749947559,364.236191477661
840,45,29.2487599384851,12.4530523137097,364.236337625092
830,45,29.2470547267749,12.4537708563519,364.236117790438
820,45,29.2486728595477,12.4530889542185,364.236324912785
810,45,29.2472345613072,12.453695260908,364.236146450816
800,45,29.2487064691968,12.4530748124107,364.23632982715
790,45,29.246710164131,12.4539156735455,364.236062112714
780,45,29.2287337745801,12.0831561617757,353.175354609218
770,45,29.1966569063314,12.0961989396872,353.168570312776
760,45,29.2870773932157,12.0587185180301,353.164622500552
750,45,29.28482309525,12.0596792817606,353.16557435181
740,45,29.2840638528306,12.0600024401724,353.1658815233
730,45,29.2830592825454,12.0604294031274,353.166269184733
720,45,29.2823584199972,12.0607273936364,353.166542346339
710,45,29.2841068738783,12.0599841354469,353.165864319704
700,45,29.2823805210484,12.06071799888,353.166533800262
690,45,29.2043674834882,12.0928361047097,353.163629519536
680,45,29.2831111426939,12.0604073482377,353.166248804606
670,45,29.1827643800771,11.7229915355553,342.10929981175
660,45,29.2065310379764,11.7134816395026,342.110165066899
650,45,29.185340842579,11.7219298905697,342.108519189091
640,45,29.2310718479468,11.7035285479206,342.106683858764
630,45,29.1833384290945,11.7227226261415,342.10818170909
620,45,29.1757332714481,11.7257308370567,342.10679531476
610,45,29.1824322132104,11.7230811502605,342.108020997442
600,45,29.174993238273,11.7260222304501,342.106619285219
590,45,29.176758078483,11.725324646101,342.106960590964
580,45,29.1845466219075,11.7222443928281,342.108387995885
570,45,29.1761041910321,11.7255823114381,342.10681121904
560,45,29.1819602409531,11.344377933431,331.05118581173
550,45,29.1549842247615,11.3548219370903,331.049654450842
540,45,29.1643381021808,11.3511920146143,331.050001776987
530,45,29.164274938333,11.3512165151711,331.049999332996
520,45,29.1587840010264,11.3533408274868,331.049612878721
510,45,29.1587876754852,11.3533394100697,331.049613265941
500,45,29.1587882603451,11.3533391844573,331.049613327469
490,45,29.1587883568978,11.3533391472277,331.049613338095
480,45,29.1642894644973,11.3512108925794,331.050000243742
470,45,29.1642894638617,11.3512108928279,331.050000243774
460,45,29.1642894348337,11.3512109040714,331.050000242179
450,45,29.1336072900423,10.983847182727,319.999090355405
440,45,29.1381176266981,10.9821190253755,319.99827595179
430,45,29.190031217402,10.9626301841465,319.99951730007
420,45,29.1866836103611,10.9639314857435,320.000799400071
410,45,29.1862791609486,10.9640885179878,320.000948231343
400,45,29.1860196367777,10.9641892637168,320.001043152186
390,45,29.1859867369222,10.9642020340193,320.001055145823
380,45,29.1859798281098,10.964204715534,320.001057658841
370,45,29.1794069124897,10.9667525487269,320.003335127886
360,45,29.1788492911605,10.9669680687913,320.003508460232
350,45,29.1856212091195,10.9643438992581,320.001187850268
340,45,29.1000184739746,10.6176176467291,308.972869669416
330,45,29.0492435948406,10.6355606338044,308.954991619081
320,45,29.0748891404845,10.6260470519321,308.951140036498
310,45,29.1801438065006,10.5877838457411,308.95305521087
300,45,29.1226819991019,10.6086324809818,308.951830188975
290,45,29.1240055789859,10.6081418962237,308.951583768292
280,45,29.1241939120843,10.6080722574357,308.951553458959
270,45,29.0447317724218,10.6371424870145,308.952950360367
260,45,29.1787217722874,10.5883281745252,308.953881838141
250,45,29.1240110514296,10.6081398719646,308.951582866209
240,45,29.1231281588674,10.6084662850466,308.951723188436
230,45,29.013324120618,10.2688270946982,297.932808837063
220,45,29.064267323316,10.2511401451887,297.941877548541
210,45,29.0472597274182,10.2571070438887,297.940852355768
200,45,29.0715319763398,10.2485540831792,297.941167740391
1000,46,29.0695603341,10.2492522590447,297.94125692371
990,46,29.0693649840289,10.2493213875434,297.941264253114
980,46,29.0691095789616,10.2494117549866,297.941273425601
970,46,29.0692425784395,10.2493646988815,297.94126870668
960,46,29.0700415402187,10.2490819385219,297.941237701937
950,46,29.0693943224804,10.2493110060749,297.941263169329
940,46,29.0692597224361,10.2493586329392,297.941268089303
930,46,29.014540004544,9.88869854585485,286.916039551582
920,46,28.9918459810234,9.89601770178788,286.903821035715
910,46,28.9781934396573,9.90055235798238,286.900121389068
900,46,29.0844933844828,9.86444848860773,286.902486808483
890,46,29.0816987228348,9.86543591465812,286.903635039522
880,46,29.0811423221694,9.86563230055799,286.903857030719
870,46,29.0810315369102,9.86567139494272,286.903900969122
860,46,29.0810094496587,9.8656791888603,286.903909718547
850,46,29.0810050925298,9.86568072634649,286.903911444156
840,46,29.0810042147384,9.86568103589828,286.903911786223
830,46,29.0810040282449,9.86568110189784,286.903911865671
820,46,28.9734374039084,9.52242929049557,275.897508981317
810,46,29.0284882847977,9.50410579116014,275.88982361617
800,46,28.9685023418203,9.52395883866383,275.894823921234
790,46,28.9615593878852,9.52621391202969,275.894009954946
780,46,28.9622967840236,9.52597644027644,275.894156820903
770,46,28.9614839394634,9.52623993798501,275.894044967428
760,46,28.962298263461,9.52597596057097,275.894157020616
750,46,28.9618331545112,9.52612675020045,275.894093548031
740,46,28.9615701950698,9.5262104094312,275.894011465746
730,46,28.9620976969768,9.52604099015405,275.894129822247
720,46,28.9614866717226,9.52623747868405,275.893999770572
710,46,28.9216470292796,9.15889516797209,264.890333226263
700,46,28.9448320806467,9.15143364771699,264.886710230349
690,46,28.9343520405696,9.15473452021986,264.886311445996
680,46,28.939088493303,9.15323414017217,264.886252782365
670,46,28.9383233197033,9.15347601718636,264.886248484489
660,46,28.9379370500876,9.15359807580897,264.886244899563
650,46,28.9378898389102,9.15361299240381,264.886244402199
640,46,28.9378849459786,9.15361453831528,264.886244349604
630,46,28.9378836730948,9.15361494046448,264.886244335463
620,46,28.9378827800018,9.1536152226372,264.886244325915
610,46,28.9378834124261,9.15361502263297,264.886244327185
600,46,28.9256912600085,8.777753263397,253.902580853554
590,46,28.8542677572045,8.79915232006035,253.893097079449
580,46,28.9016386795115,8.78456129305693,253.888216449953
570,46,28.8933242200342,8.78709606929609,253.88841568276
560,46,28.8674255960735,8.79491100332198,253.886439012486
550,46,28.8870824101309,8.78899015142479,253.888282806036
540,46,28.8923369349174,8.78739591945756,253.888403685486
530,46,28.8686824264483,8.79453483377109,253.886633204475
520,46,28.8871823618954,8.78895987913685,253.888286800009
510,46,28.8923619556837,8.78738831664303,253.888403889596
500,46,28.8686900973431,8.79453253701683,253.88663436214
490,46,28.8300863139025,8.42611619803771,242.925657280399
480,46,28.7910731124611,8.436998722221,242.910247061206
470,46,28.9447614099185,8.39172702544265,242.896536568603
460,46,28.9286677711895,8.39671760664047,242.905854010999
450,46,28.8692989475055,8.4138478048735,242.901887577706
440,46,28.9287843071074,8.39668200358586,242.905802577105
430,46,28.867031390863,8.41451929252057,242.902192556213
420,46,28.8708179869269,8.41339743292839,242.901665937754
410,46,28.9341085873213,8.39502703386128,242.90262379124
400,46,28.8693257870515,8.41383985121655,242.901883784848
390,46,28.9287883967361,8.39668074509153,242.905800509701
380,46,28.8248520699095,8.04705114190936,231.955058764534
370,46,28.7806945145485,8.05933418344886,231.9532351245
360,46,28.8571121299313,8.03759903830124,231.941896703687
350,46,28.7400326360866,8.07043305504325,231.944509389295
340,46,28.7448518327673,8.069127541931,231.945875612509
330,46,28.7456289184055,8.06891666278134,231.946084161851
320,46,28.7458113405319,8.06886714368675,231.946132644236
310,46,28.7458408096236,8.06885914367455,231.946140459345
300,46,28.7458477396937,8.06885726234272,231.946142296625
290,46,28.7458488416551,8.0688569631885,231.946142588753
280,46,28.745849074011,8.06885690010781,231.946142650292
270,46,28.814964200264,8.04657806311845,231.861858823388
260,46,28.7432803243196,7.68854192346051,220.993915791309
250,46,28.740860565081,7.68913333490021,220.992309044683
240,46,28.7466953836965,7.68758251399089,220.992592766728
230,46,28.7437227732103,7.68838041251603,220.992675152341
220,46,28.7431569099804,7.68853213298882,220.992685505924
210,46,28.7430487293399,7.6885611324903,220.992687289678
200,46,28.7430280390093,7.68856667863345,220.992687623754
1000,47,28.7430240850114,7.68856773851262,220.99268768731
990,47,28.7430232911543,7.6885679512915,220.992687699594
980,47,28.7430231956235,7.68856797691446,220.992687701581
970,47,28.8286681134625,7.66494671973623,220.970205090649
960,47,28.7521819721302,7.30562759673297,210.052734081883
950,47,28.7030923844752,7.31851039883685,210.063880094557
940,47,28.683733888617,7.32348550661729,210.064909408954
930,47,28.6791226021021,7.3246616071973,210.064868251721
920,47,28.6799082053303,7.32446153388225,210.064884445215
910,47,28.68027739058,7.32436744764881,210.064890109102
900,47,28.6803484709632,7.32434933042773,210.064891119733
890,47,28.6803621500534,7.3243458437589,210.064891311244
880,47,28.6814553766945,7.32406709284329,210.064903499301
870,47,28.6805751180034,7.3242915562355,210.064894164771
860,47,28.1953369170374,39.3203575602693,1108.65072911017
850,47,29.8278214564562,36.5578240002142,1090.44024711494
840,47,29.8566241248019,36.523142091644,1090.45772528695
830,47,29.8536825467475,36.5269390179793,1090.46364184716
820,47,29.8577142611975,36.5220793716659,1090.46581010398
810,47,29.8650621740874,36.5130537141683,1090.46461933943
800,47,29.853068024081,36.5277865321223,1090.46649611256
790,47,29.8511863242523,36.5300914365593,1090.46656591471
780,47,29.8518351739773,36.5292959914579,1090.46652295843
770,47,29.853576280863,36.5271651843178,1090.46651215371
760,47,29.8520320232592,36.5290574986175,1090.46659422821
750,47,29.8445850014151,36.5381467953037,1090.46582782662
740,47,29.8425534852184,36.1742686548321,1079.53254712049
730,47,29.8636983329303,36.1485948782711,1079.530732604
720,47,29.8660666355978,36.1456996983933,1079.52987578252
710,47,29.8338082543408,36.1847656641608,1079.52936055283
700,47,29.846002102272,36.1700836393708,1079.53239234001
690,47,29.8526168720665,36.1620774008133,1079.5326419445
680,47,29.8543039610435,36.1600291131947,1079.5325003855
670,47,29.8476038714897,36.1681475250237,1079.53254009251
660,47,29.8373318937516,36.180533835713,1079.53059614928
650,47,29.8461680908826,36.1698857539763,1079.5324900412
640,47,29.8172552805376,36.2045306127982,1079.51973159384
630,47,29.8451542598833,35.804630955912,1068.59473409739
620,47,29.8407269753673,35.8099040934206,1068.59357106585
610,47,29.8383375214489,35.8127497364044,1068.59291420602
600,47,29.8568705516018,35.7905303114467,1068.59323048204
590,47,29.8473171519834,35.8020130563635,1068.59403837273
580,47,29.8327503335011,35.8194006802157,1068.59123758851
570,47,29.8715488070495,35.7727626135544,1068.58782437379
560,47,29.8362228977476,35.815269115689,1068.59235247851
550,47,29.8307799382606,35.8217413810168,1068.5904841424
540,47,29.8539035976337,35.7941037717875,1068.59372336664
530,47,29.8538225338319,35.794200970817,1068.59372352309
520,47,29.8392667356859,35.4449402865772,1057.65102764163
510,47,29.8371979761043,35.4473660238674,1057.65007778556
500,47,29.8471385665097,35.4355846146234,1057.65080417794
490,47,29.8497585562131,35.4324689491038,1057.65064318127
480,47,29.8495857173709,35.43267472872,1057.65066151065
470,47,29.845054684993,35.4380576211551,1057.65076763331
460,47,29.8490992834667,35.4332529377478,1057.65068487502
450,47,29.8444686416295,35.4387537118088,1057.65077385051
440,47,29.8489493428724,35.4334318423345,1057.65071210596
430,47,29.8536410112785,35.4278439931125,1057.65013637396
420,47,29.8607907697039,35.4192998729858,1057.64830271663
410,47,29.8433749945407,35.0732768075688,1046.7049520556
400,47,29.8391401295723,35.0781816171768,1046.70277676553
390,47,29.846636687544,35.0693735115463,1046.7028500589
380,47,29.8439284926224,35.0725565743599,1046.70287045865
370,47,29.8462220185765,35.0698590767683,1046.70280016541
360,47,29.8445358504684,35.0718425434315,1046.70286212942
350,47,29.8481438383839,35.067596236062,1046.70265652035
340,47,29.8438312886562,35.0726708254377,1046.70287095694
330,47,29.848148142999,35.0675911884752,1046.70265681173
320,47,29.8399131520936,35.0772701186645,1046.70269395348
310,47,29.844390399363,35.07201323086,1046.70285495341
300,47,29.8350757980224,35.0829347665865,1046.70201797818
290,47,29.8528520430723,34.6951476026297,1035.74910799386
280,47,29.8331872100341,34.7180384051099,1035.7497393048
270,47,29.8367028801986,34.7139625966011,1035.75018778912
260,47,29.841011682863,34.7089563454657,1035.75037180502
250,47,29.8361847584662,34.7145613784996,1035.75006709803
240,47,29.8456897692315,34.7035079104907,1035.75013100058
230,47,29.8460374270706,34.7031026347548,1035.75010007236
220,47,29.865422940342,34.6803623538073,1035.74368942077
210,47,29.8459441908821,34.703211283865,1035.75010722263
200,47,29.8461498268235,34.7029715550479,1035.75008846795
1000,48,29.8382160136251,34.7122054261243,1035.75028381403
990,48,29.839874246927,34.3430974177067,1024.79370819433
980,48,29.8329906166703,34.351003077372,1024.79315248045
970,48,29.8526675918802,34.3282931554778,1024.7911245671
960,48,29.8425748540898,34.339971767628,1024.79317796277
950,48,29.8401580915564,34.3427579908727,1024.7933277477
940,48,29.8360496932544,34.3474857458692,1024.7932915521
930,48,29.8384355731543,34.3447415846096,1024.79335904901
920,48,29.840936706333,34.3418606861007,1024.79329111164
910,48,29.8502218097932,34.331128985956,1024.79181521141
900,48,29.84261064316,34.3399303173425,1024.7931699737
890,48,29.8400580828298,34.3428731885675,1024.79333067811
880,48,29.8563951925289,33.9568115356892,1013.82798468776
870,48,29.8327498282433,33.9838599248782,1013.83199133695
860,48,29.8293587548968,33.9877067303454,1013.8314973157
850,48,29.8396034951909,33.9760449275733,1013.83170897358
840,48,29.8246642869563,33.9930265482949,1013.83060490049
830,48,29.8450840024508,33.9697795406994,1013.83092393691
820,48,29.826074221882,33.9914305705918,1013.83093110642
810,48,29.8468615557851,33.9677429642307,1013.83052161589
800,48,29.847085143609,33.9674866670407,1013.83046666557
790,48,29.8267599916702,33.9906538625815,1013.83107471916
780,48,29.8267041830242,33.9907170296587,1013.83106181251
770,48,29.8507718913742,33.5959170560559,1002.86405652185
760,48,29.8299307686791,33.6194663218654,1002.86635286118
750,48,29.8548917276831,33.5911650040908,1002.86059420387
740,48,29.8252034255622,33.6247664676428,1002.86550003447
730,48,29.8286741534633,33.6208685784499,1002.86593358299
720,48,29.8370833743913,33.6113908282866,1002.86587047284
710,48,29.8474793686014,33.5996081588443,1002.8636113142
700,48,29.822782650782,33.6274803884543,1002.86503871831
690,48,29.8231458827625,33.6270737045018,1002.86512469976
680,48,29.8235949882926,33.6265699263827,1002.86520232994
670,48,29.8360356643449,33.612572579936,1002.86591426535
660,48,29.8129670182252,33.6369297638248,1002.81667764327
650,48,29.8439403062526,33.2360183444119,991.893747488145
640,48,29.8250397229519,33.2571473262079,991.895740076214
630,48,29.8395741459755,33.2409149859067,991.894747402032
620,48,29.8400550632197,33.2403768117192,991.89467438387
610,48,29.8415000017226,33.2387547700686,991.894300528257
600,48,29.8323933670544,33.248951436542,991.895798297009
590,48,29.8280843927008,33.2537588991445,991.895926818207
580,48,29.8326822567771,33.2486292258246,991.895791167417
570,48,29.8322345475742,33.2491291174044,991.895818332988
560,48,29.815178492408,33.268080193967,991.89374908287
550,48,29.8487655571876,33.2305796432112,991.891781099659
540,48,29.8449056608651,32.867193820416,980.918298907686
530,48,29.8253330733379,32.8888743386936,980.921631558694
520,48,29.8270659020718,32.8869587171566,980.921484975346
510,48,29.8271633820115,32.8868509676307,980.921476931384
500,48,29.8360385717178,32.8770298440442,980.920330550421
490,48,29.8207964780158,32.8938631661361,980.921198853046
480,48,29.8284801110761,32.8853977180801,980.921431778579
470,48,29.8222262493686,32.8922911456025,980.921348404262
460,48,29.8266090355488,32.8874622320139,980.921478165654
450,48,29.8252800963928,32.8889282264284,980.921496423389
440,48,29.8314348473468,32.8821312627322,980.921156406101
430,48,29.8268291194632,32.519165919789,969.943604997018
420,48,29.8149070389242,32.5321316221471,969.942480092363
410,48,29.8239689684914,32.522258816767,969.942837736504
400,48,29.8247683697609,32.5213850116936,969.942775037574
390,48,29.8187179815171,32.5279822140228,969.94272814775
380,48,29.8245258438537,32.5216501823694,969.942796348845
370,48,29.8241202762497,32.5220925365832,969.94279944638
360,48,29.8181764063061,32.5285715011066,969.942683265139
350,48,29.8244144855865,32.5217717746355,969.942801212378
340,48,29.825402257189,32.5206925315846,969.942736436873
330,48,29.8217663609494,32.5246611521942,969.942845849782
320,48,29.827336856018,32.1503706810333,958.959936349026
310,48,29.8240757680756,32.1538899025705,958.960048692625
300,48,29.8137318700201,32.1650393939954,958.959860081212
290,48,29.8147070858303,32.1639891016454,958.959913777397
280,48,29.8111039776103,32.1678625666332,958.95949571138
270,48,29.8275941907715,32.150068178065,958.95918682096
260,48,29.8089229529671,32.1702025019324,958.959087761452
250,48,29.812308007029,32.1665691369391,958.959666639823
240,48,29.8145060889868,32.1642046728592,958.959876066378
230,48,29.8194357749,32.158893954926,958.960072880736
220,48,29.8111311545488,32.1678333644887,958.959499386445
210,48,29.3709806772702,32.5791597508154,956.881871522899
200,48,29.8190371212345,31.7908768886487,947.973338059213
1000,49,29.8170560548284,31.7929867141093,947.97326700501
990,49,29.8006720761959,31.8103988709581,947.971265366415
980,49,29.7988462404955,31.8123285384874,947.970686670513
970,49,29.8301039553668,31.7789956018198,947.970742399427
960,49,29.8177194065299,31.7922746729454,947.973125493215
950,49,29.8215693166889,31.7881569719938,947.972726590101
940,49,29.8185666682653,31.7913698188108,947.973080417687
930,49,29.8166102297086,31.7934592834162,947.973183307732
920,49,29.8130896423952,31.7972142070911,947.973197534451
910,49,29.7961608559383,31.8151636493533,947.969733754132
900,49,29.8156818547661,31.4258275976216,936.982477673414
890,49,29.8106059328025,31.4311794790369,936.982505452756
880,49,29.8079510097902,31.433974980244,936.982386254083
870,49,29.8080416479276,31.4338777866881,936.982338221465
860,49,29.8097142861102,31.4321160948131,936.982400194224
850,49,29.8160128812037,31.4254663191426,936.982108569389
840,49,29.8160418045263,31.4254358165306,936.982108031135
830,49,29.816392864374,31.4250643396888,936.982064140391
820,49,29.8096084718432,31.4322272817196,936.982388666048
810,49,29.8089977899714,31.4328705367025,936.982368361022
800,49,29.7992151065105,31.4431471513388,936.981105588406
790,49,29.8047135841123,31.0685267752534,925.988542016753
780,49,29.8102683201155,31.062705070715,925.987572906628
770,49,29.8046657942326,31.0685463851865,925.987641723096
760,49,29.8068844080159,31.066234913963,925.987673072763
750,49,29.8055056705096,31.0676706316554,925.987633181331
740,49,29.8061172569956,31.0670334442653,925.987641666778
730,49,29.809418889779,31.0635887495405,925.987529254878
720,49,29.8093948560671,31.0636138420533,925.987530674158
710,49,29.8072712481805,31.0658301649256,925.987626275844
700,49,29.8072403569074,31.0658623969899,925.987627361688
690,49,29.8097096622664,31.0632845103666,925.987492410404
680,49,29.8056763854795,30.698516432749,914.990046308844
670,49,29.7980284116569,30.7063657535527,914.989159143091
660,49,29.8042807588886,30.6999191429443,914.989009411491
650,49,29.8011120890528,30.7031848149765,914.989052162018
640,49,29.802072249288,30.7021955098875,914.989048797432
630,49,29.8033460654479,30.7008822890612,914.989019375469
620,49,29.8033468377,30.7008815004809,914.989019581961
610,49,29.8033535287222,30.7008746028271,914.989019429028
600,49,29.8039932048012,30.7002147670843,914.988992304117
590,49,29.8033445109089,30.7008838990576,914.989019633028
580,49,29.8033534608615,30.700874672059,914.989019408986
570,49,29.7924096452575,30.3428982158235,903.988053470167
560,49,29.7973440710551,30.337833889082,903.98687476349
550,49,29.7936754203986,30.3415599955018,903.986590254532
540,49,29.7961377412614,30.3390537653441,903.986624931728
530,49,29.8012367235949,30.333856442754,903.986436590057
520,49,29.7963685654626,30.3388185754476,903.986620114738
510,49,29.8030898494064,30.3319637445047,903.986240786411
500,49,29.7946424883288,30.3405742789984,903.986563533342
490,49,29.8032221469614,30.3318286450565,903.986227232186
480,49,29.8015956991272,30.333489973123,903.98640432254
470,49,29.8032630833532,30.33178681937,903.986222365867
460,49,29.7899378242995,30.3453514854186,903.986134007134
450,49,29.7942117074423,29.9716247422256,892.980932785885
440,49,29.7909143516243,29.9749310748764,892.980604347485
430,49,29.7962733124652,29.9695309031609,892.980333836955
420,49,29.795516992223,29.9702933250491,892.980384028407
410,49,29.7951143613153,29.9706991026845,892.980407253054
400,49,29.7950370495668,29.9707770105734,892.980411434338
390,49,29.7966319131664,29.9691686970821,892.980288410546
380,49,29.7964005624799,29.9694021079344,892.980309826042
370,49,29.7950089321676,29.970805341811,892.980412863515
360,49,29.7966285757486,29.9691720633714,892.980288694979
350,49,29.7963995720282,29.9694031068057,892.980309905566
340,49,29.7885940853748,29.6076823559432,881.971231509905
330,49,29.7855418743139,29.6107044820117,881.970878276892
320,49,29.7866365953204,29.6096133549736,881.970792732542
310,49,29.7861230403527,29.6101228615066,881.970762792796
300,49,29.7878873379614,29.6083687194404,881.970751675512
290,49,29.7877937368704,29.6084617925067,881.970752741197
280,49,29.7877790398583,29.6084764065946,881.970752906498
270,49,29.787777048298,29.6084783870576,881.970752933022
260,49,29.7486192751955,29.646978147907,881.956665582127
250,49,29.8253845022084,29.5706555184111,881.956170818963
240,49,29.8049720685627,29.5912890140729,881.967542537211
230,49,29.831118405278,29.1966500861212,870.968725756554
220,49,29.8066477334731,29.2211917261389,870.985768133301
210,49,29.807309964375,29.2205301154782,870.985398475416
200,49,29.8055032639759,29.2223287550083,870.986215088376
1000,50,29.7976987663589,29.2300834039433,870.98922018625
990,50,29.7927111008209,29.2350206076594,870.990522990541
980,50,29.8050753240644,29.2227547336706,870.986406013712
970,50,29.8049751649615,29.2228544661785,870.986451613735
960,50,29.8053190476483,29.2225120390694,870.986294698208
950,50,29.8049695081288,29.2228601007249,870.986454242422
940,50,29.8049947498334,29.222834960618,870.986442576467
930,50,29.7600560153767,28.8962030995521,859.952622874373
920,50,29.7560105479,28.9000807041691,859.951106268418
910,50,29.759450380734,28.8967654343712,859.951857107879
900,50,29.7557227844962,28.9003439782669,859.950623793892
890,50,29.7413124347949,28.914764267623,859.963038061819
880,50,29.7558740636362,28.9001985379479,859.950668109261
870,50,29.778335421369,28.878058781638,859.940520717626
860,50,29.7704321382539,28.8857169616745,859.940276572338
850,50,29.7338026604314,28.9218837214831,859.957583142521
840,50,29.7336984836243,28.9219823173733,859.95750177349
830,50,29.7559892751662,28.9000879423195,859.950706863018
820,50,29.8437388113477,28.8146238982444,859.936109566421
810,50,29.7935674890479,28.4945775098526,848.955118111699
800,50,29.7974430360681,28.4908007531928,848.953012495227
790,50,29.7831018548742,28.5047022941992,848.958451771002
780,50,29.7453221543966,28.5399146233654,848.928954730977
770,50,29.782893130142,28.5049034059455,848.958491824295
760,50,29.7918011867383,28.4962820160785,848.955568384237
750,50,29.8030261427465,28.4853531887169,848.949725768697
740,50,29.8029069683385,28.4854695412219,848.949798686477
730,50,29.7935294884701,28.4946040145908,848.954824970988
720,50,29.791768752468,28.4963134374355,848.955580225924
710,50,29.7229890900294,28.5614966506255,848.933053341455
700,50,29.7709133681819,28.1461325557486,837.936073966556
690,50,29.7698437326467,28.1471412150725,837.935995493448
680,50,29.7667269945683,28.1500913697938,837.936084676805
670,50,29.7467619942677,28.1688946128505,837.933403690075
660,50,29.7199139071802,28.193832938225,837.918287637468
650,50,29.7222616762556,28.1910323989032,837.901241884003
640,50,29.7216928702673,28.1915575057327,837.900813719865
630,50,29.721578646756,28.1916629402695,837.900727262057
620,50,29.7215626266052,28.1916777270636,837.900715113992
610,50,29.7215581106833,28.1916818950896,837.900711682806
600,50,29.7215577379454,28.1916822390713,837.900711398367
590,50,29.7515317714228,27.7938486204101,826.909570280246
580,50,29.7266535973568,27.8168019559193,826.900435929889
570,50,29.7627893402646,27.7833109935093,826.908832274874
560,50,29.7309498801406,27.8128522181471,826.902515321491
550,50,29.7301348074659,27.8136009733226,826.902106417944
540,50,29.8011132632307,27.7470475701692,826.892907358864
530,50,29.7305542371197,27.8132152892398,826.902305665433
520,50,29.8008638784375,27.7472864553017,826.893106650458
510,50,29.7626458501589,27.7834446016541,826.908822176539
500,50,29.7301613928417,27.813576718998,826.902124767998
490,50,29.7203253077829,27.822586983001,826.896336038876
480,50,29.7668826176346,27.4089546082687,815.879134496409
470,50,29.7557495376959,27.4192462589163,815.880224192718
460,50,29.7479408829753,27.4264426304808,815.880194001855
450,50,29.7526057329011,27.4221447473355,815.880261018017
440,50,29.7694428566034,27.4065313041494,815.877167556585
430,50,29.7244300699498,27.4478722096372,815.87235806428
420,50,29.7507158446757,27.4238864124684,815.88025201401
410,50,29.7687705625567,27.4071577477443,815.877390764399
400,50,29.7244555187345,27.4478491300986,815.872370552553
390,50,29.7714565528335,27.4046539808582,815.876465336557
380,50,29.7695398498712,27.4064412258526,815.877144216171
370,50,29.7090273933342,27.0906526947243,804.836943010867
360,50,29.7549018603119,27.0491949426576,804.846140919223
350,50,29.7301603853509,27.0716771796301,804.845304450845
340,50,29.7393369670289,27.0633727184644,804.84676073871
330,50,29.7092683553472,27.0904054425895,804.836125149051
320,50,29.7140779693736,27.0861132654855,804.838881457921
310,50,29.7138967420084,27.0862751450025,804.838782784232
300,50,29.7873244329089,27.0192285103248,804.830525563947
290,50,29.7151843277409,27.0851241445276,804.839456494382
280,50,29.7148138603566,27.0854554011778,804.839265568989
270,50,29.7183873018469,27.0816694585702,804.823541750389
260,50,29.7873229269698,27.0192298733418,804.830525475262
250,50,29.7455489563484,26.6867196842715,793.811126852845
240,50,29.74747875239,26.684959902184,793.810277698597
230,50,29.7370356815385,26.6943469797948,793.810748633527
220,50,29.7438028800197,26.6882742035132,793.810767117212
210,50,29.7325007744582,26.6984263515163,793.810982173274
200,50,29.7152240760826,26.7138134087379,793.806951367306
1000,51,29.7431358216608,26.6888744226298,793.810816879529
990,51,29.7565501488059,26.6767409651544,793.80778033632
980,51,29.7515239411418,26.6812984527555,793.809289697904
970,51,29.7316471764312,26.69919011524,793.810900402775
960,51,29.7518304659848,26.6810208070988,793.809207712218
950,51,29.7090460290158,26.3478345770325,782.769030213952
940,51,29.7193057208408,26.338815586977,782.771312754214
930,51,29.7129470994148,26.3443943578844,782.769595921939
920,51,29.7278089511888,26.3313064482539,782.772047528897
910,51,29.6975378186655,26.357843199601,782.763045238605
900,51,29.714700869655,26.3428556642769,782.770076116484
890,51,29.69705204748,26.3582650339513,782.762768594523
880,51,29.7376137889549,26.3226071066672,782.771524056471
870,51,29.7318750622224,26.3277055444061,782.772051921262
860,51,29.7141348785649,26.3433524012687,782.769926404867
850,51,29.7477849422207,26.3135287286622,782.769193691189
840,51,29.7586440752378,25.9326140701044,771.71943205274
830,51,29.7180913020086,25.9683724510424,771.730463464643
820,51,29.7085671803026,25.9766412530753,771.728791785608
810,51,29.7210328437933,25.9657966923691,771.73029630916
800,51,29.7206943140398,25.9660920682235,771.730284889884
790,51,29.7668484779593,25.9252504830475,771.713002882016
780,51,29.7634793807786,25.9282689385342,771.715497931344
770,51,29.7238719819049,25.9633162371438,771.730288058576
760,51,29.7208148107565,25.9659845561992,771.730218373761
750,51,29.723768647816,25.9634071472595,771.730307354195
740,51,29.7514499875214,25.9390010193408,771.722891553186
730,51,29.7018061605941,25.6107852278133,760.686578457118
720,51,29.7436277931488,25.5745189698034,760.678973226656
710,51,29.7184700708972,25.5963978002585,760.685781949762
700,51,29.7181658470346,25.5966587488084,760.685749827039
690,51,29.7277840386899,25.5883301311379,760.684352049169
680,51,29.7078250235479,25.6055608292474,760.685520745093
670,51,29.7060413788947,25.6070899872023,760.685274752912
660,51,29.7158777569578,25.5986324310731,760.685832067065
650,51,29.7150349487939,25.5993595099537,760.685862505015
640,51,29.7223004639295,25.5930846661065,760.685352244805
630,51,29.7223951310195,25.5930027425031,760.685340101945
620,51,29.698044287875,25.6123464826119,760.636600157009
610,51,29.6949537399977,25.244630842057,749.638145038201
600,51,29.6759619535593,25.2605575458971,749.631344657739
590,51,29.7088831266683,25.2328175635402,749.638827951758
580,51,29.7075700520599,25.233934172334,749.638867113682
570,51,29.669918260151,25.2655887222453,749.62795218361
560,51,29.7064908902419,25.2348512601211,749.638879075394
550,51,29.7009118750862,25.2395830770368,749.638632734988
540,51,29.7065078716878,25.2348366307065,749.638873010839
530,51,29.6696264491472,25.2658312063679,749.627773820141
520,51,29.7063078629808,25.2350067106904,749.638878272157
510,51,29.7245678847171,25.2194076393585,749.635994388463
500,51,29.6680466901723,24.8949040584817,738.583175954394
490,51,29.6955287052103,24.8720776683625,738.589496359078
480,51,29.6833824399479,24.8821977268079,738.587791071241
470,51,29.6742779065182,24.8897373554412,738.58498330561
460,51,29.6861954097016,24.8798602075907,738.588391888598
450,51,29.683084251414,24.882445148821,738.587715733643
440,51,29.6858009024583,24.8801880956112,738.588310222025
430,51,29.6829844930442,24.8825279352316,738.587690849217
420,51,29.7025466925319,24.8661938219323,738.589283061492
410,51,29.7139440708057,24.8565880309494,738.587266542691
400,51,29.6723288430491,24.8913456845302,738.584194497393
390,51,29.6928003041278,24.5021751783725,727.538194588172
380,51,29.6919062428842,24.5029003403098,727.537819583213
370,51,29.7090082940445,24.488682162611,727.53446147923
360,51,29.6748451569976,24.5169316243582,727.536149677528
350,51,29.6912008064345,24.5034797384547,727.537737370858
340,51,29.6985558726365,24.497387006069,727.53701673334
330,51,29.6578332093147,24.5307853452739,727.529940263635
320,51,29.7202717896593,24.479239501231,727.529651180751
310,51,29.7051671997461,24.4918860787276,727.535571005739
300,51,29.6744259764201,24.5172746157423,727.536050728407
290,51,29.6991257717603,24.4969137338848,727.536922002608
280,51,29.6803345644744,24.1400821015014,716.485713186441
270,51,29.6829820091198,24.1378756050123,716.484127321953
260,51,29.6920597514973,24.1304492348128,716.482740510535
250,51,29.6539564585728,24.1613130724226,716.478525831566
240,51,29.695795004108,24.1273832994908,716.481828447217
230,51,29.6966381514274,24.126690994985,716.481612269373
220,51,29.6969790224011,24.1264110040194,716.481521472191
210,51,29.6664338924393,24.1512829800845,716.482439946271
200,51,29.6959099168216,24.1272888810219,716.481797147958
1000,52,29.6972668260068,24.1261746460267,716.481445953895
990,52,29.6974542305334,24.12602068841,716.481395158958
980,52,29.6734832676299,23.7730814234429,705.430133838535
970,52,29.6715996214154,23.7745351483053,705.428488105784
960,52,29.6597849168144,23.7839615477984,705.427183977484
950,52,29.6858629595244,23.7630309969837,705.426081679388
940,52,29.6701682954625,23.7756654119607,705.42799410948
930,52,29.6703740684975,23.7755000494214,705.427980131914
920,52,29.6867075023809,23.762348036438,705.425875727512
910,52,29.6852806699248,23.7635023002663,705.426235483808
900,52,29.6853520088896,23.763444641129,705.426219115675
890,52,29.6853786065705,23.7634231431893,705.426212993713
880,52,29.6855681786435,23.7632692310731,705.42614890648
870,52,29.6480632681945,23.7932592398765,705.424055300411
860,52,29.6469052656213,23.4213109929112,694.369388203492
850,52,29.67050384385,23.4026853531887,694.369465728198
840,52,29.6698549079522,23.4031953967131,694.369411802931
830,52,29.6680284133946,23.4046437945024,694.369637100678
820,52,29.6689843030335,23.403885682308,694.369516938385
810,52,29.6596869009436,23.4112405108872,694.370063515602
800,52,29.6630208216765,23.4086082913259,694.370035152072
790,52,29.6693661847204,23.4035831564158,694.369478702255
780,52,29.6679757618151,23.4046855214886,694.369642764429
770,52,29.6689764004255,23.4038919487749,694.369517906311
760,52,29.6679107291337,23.4047368253855,694.369642774404
750,52,29.650879506408,23.0452154677858,683.310907034528
740,52,29.6504424553826,23.0455387652518,683.310421012389
730,52,29.6458398406861,23.049109497579,683.310208635662
720,52,29.6503640582326,23.0455972298964,683.310347805827
710,52,29.6517237767482,23.0445402393121,683.310341738242
700,52,29.6502781077148,23.0456641280637,683.310350574076
690,52,29.6497838745862,23.0460478988548,683.310339364408
680,52,29.6599148286825,23.0381539647642,683.309684404982
670,52,29.6513954851043,23.0447960980229,683.310362976066
660,52,29.6529120148962,23.0436150066633,683.310288297729
650,52,29.6516879741868,23.0445665439953,683.310296662933
640,52,29.6404627120562,22.6801360710951,672.249727519656
630,52,29.6380522380199,22.6819569307997,672.249024375557
620,52,29.6349490485158,22.684324333685,672.248795828761
610,52,29.6337433966732,22.685242391242,672.248651913397
600,52,29.6333878067177,22.6855132016807,672.248610299819
590,52,29.6331434415795,22.6856993429195,672.248582701279
580,52,29.6331133071143,22.6857222981339,672.24857931433
570,52,29.6331081172533,22.6857262516105,672.248578732386
560,52,29.6331071942446,22.6857269547031,672.24857862808
550,52,29.6330557445489,22.6857661673958,672.248573446241
540,52,29.6330605874861,22.6857624782948,672.248573992629
530,52,29.6300754140441,22.3147668441326,661.18822443846
520,52,29.627514501091,22.3166327981987,661.186361844154
510,52,29.6306795611071,22.3142391176937,661.186068946304
500,52,29.6317968952153,22.3133939004634,661.185956101469
490,52,29.6313007457661,22.3137679592892,661.185969172937
480,52,29.6317958746955,22.3133944323346,661.185949090505
470,52,29.631717095657,22.3134538588619,661.185952172792
460,52,29.6317698976118,22.3134140213029,661.185949909392
450,52,29.6317018883752,22.3134653236754,661.185952567747
440,52,29.6317654137215,22.3134174024498,661.185950047842
430,52,29.631701029803,22.3134659710667,661.185952593331
420,52,29.6317652464077,22.3134175285737,661.185950051775
410,52,29.6599708535606,21.9196019061947,650.134753659387
400,52,29.6489075001683,21.9279720066435,650.140413691253
390,52,29.6415914738691,21.933479884653,650.143250341209
380,52,29.6477884873209,21.9288127478429,650.140802126113
370,52,29.6474221530807,21.9290890307386,650.1409599268
360,52,29.647484531957,21.9290419373024,650.140931636811
350,52,29.6178694607845,21.9503166183935,650.121612226467
340,52,29.6405528021076,21.9342596787465,650.143582183023
330,52,29.6453278180022,21.9306676616011,650.141832095827
320,52,29.6473759806587,21.9291238416772,650.140979460632
310,52,29.6474766931376,21.9290478477346,650.14093496841
300,52,29.5749439186531,21.6082264591483,639.062085710866
290,52,29.6633710793157,21.5439012321758,639.064736746159
280,52,29.6611432414234,21.5455778250048,639.066470086702
270,52,29.6573346753361,21.5484440815821,639.069417860246
260,52,29.6591844038301,21.5470522054045,639.067994719046
250,52,29.6586723886388,21.5474373286286,639.068384544522
240,52,29.6585579209663,21.5475234629575,639.068472679506
230,52,29.6586100993302,21.5474841794719,639.068431900444
220,52,29.6585341079384,21.5475413731178,639.068490756826
210,52,29.6448198380884,21.5578179078614,639.077627980868
200,52,29.6585824397799,21.5475050180755,639.068453950163
1000,53,29.593934672556,21.2212981509257,628.021711145328
990,53,29.5678087042285,21.239863412077,628.016218272233
980,53,29.5677575635708,21.2394688245686,628.003464983865
970,53,29.5520802661439,21.2504861158949,627.996071391504
960,53,29.5614861690138,21.2443107507608,628.013398428847
950,53,29.563300547833,21.2430343671217,628.014209543164
940,53,29.5616272179973,21.2442116280601,628.013464688957
930,53,29.5619756222573,21.2439667648217,628.013627621703
920,53,29.5634092317886,21.2429579053827,628.014257850486
910,53,29.5728841581571,21.2358392580973,628.005014380954
900,53,29.561637827728,21.2442041715205,628.013469656797
890,53,29.6325217979518,20.8196616218152,616.939076834418
880,53,29.6377045413808,20.815822392503,616.933193854862
870,53,29.6286117566271,20.8224311053215,616.939727048686
860,53,29.6238111599764,20.8259065884802,616.942724012446
850,53,29.6230703992379,20.8264419978455,616.943157467822
840,53,29.5793457210314,20.8576385527634,616.955301676503
830,53,29.585882791414,20.8530264933632,616.955197678894
820,53,29.5782726665582,20.8583933453404,616.955245754801
810,53,29.578068463959,20.8585369616714,616.955234310335
800,53,29.5831390998179,20.8549645080079,616.955315962162
790,53,29.6221983308649,20.8270719904715,616.943657152949
780,53,29.6014969368855,20.8419362912831,616.952513285179
770,53,29.5367309568384,20.5123660704777,605.868237911882
760,53,29.5475075318286,20.5053888351866,605.883131050749
750,53,29.5462911264991,20.5062169177893,605.882654956144
740,53,29.5364197275529,20.5129456766418,605.878973353785
730,53,29.5456452256926,20.5066580998108,605.882444981587
720,53,29.5420325252892,20.5091242066566,605.881214378245
710,53,29.5712935443671,20.4889929601611,605.886025253395
700,53,29.5457556885786,20.5065827698982,605.882484527029
690,53,29.5446969264031,20.5073059070561,605.882137801008
680,53,29.5713135278043,20.4889790954075,605.886024694923
670,53,29.5433519012198,20.5078283462613,605.869989563409
660,53,29.5538651850236,20.1265711453139,594.817970265394
650,53,29.5611222034649,20.1216043499212,594.81720511779
640,53,29.5940517542825,20.0988694099707,594.806981521238
630,53,29.5489793960885,20.1298687345053,594.817076481864
620,53,29.5456785618452,20.132105123852,594.816706762607
610,53,29.5479461823342,20.1305691478458,594.816973800304
600,53,29.5460021122216,20.1318861280345,594.816750061912
590,53,29.5654179400728,20.1186606011201,594.816609066593
580,53,29.5651826970698,20.118821725716,594.816639970571
570,53,29.5921198099422,20.1002147289247,594.807962463906
560,53,29.583260252993,20.106367684932,594.811907965711
550,53,29.536459261177,19.7636438244864,583.748060674354
540,53,29.5579180777438,19.7491973157785,583.745156360978
530,53,29.5030876091523,19.7852826389251,583.726927068046
520,53,29.4991475505209,19.7878554153127,583.724866604682
510,53,29.4978123814028,19.7887260302747,583.724127708023
500,53,29.4974642217862,19.7889529368221,583.72393124052
490,53,29.4974008387719,19.7889942403932,583.723895305027
480,53,29.4973893663178,19.7890017162254,583.72388879423
470,53,29.4973872741714,19.7890030795429,583.723887607048
460,53,29.4973868847561,19.7890033332948,583.723887385924
450,53,29.4973868227644,19.7890033736935,583.723887350827
440,53,29.5074498392637,19.4078476638723,572.676091429782
430,53,29.5303360553043,19.3928327583236,572.676868417611
420,53,29.5527805494842,19.3779510511294,572.672334912673
410,53,29.5341901853011,19.3902834385454,572.676318820896
400,53,29.5493643242457,19.3802264772144,572.673372861602
390,53,29.5331550654101,19.3909658359771,572.676400901982
380,53,29.5318810868812,19.3918050983654,572.676482224904
370,53,29.5003681134165,19.4123733459827,572.672159661564
360,53,29.5019198793675,19.4113688598215,572.672648851304
350,53,29.5094269706279,19.4064997248907,572.674686387173
340,53,29.5328697042177,19.3911538836364,572.676421059871
330,53,29.5005592844734,19.0371938543786,561.607865911109
320,53,29.5064086435037,19.0333542244648,561.605927603617
310,53,29.5182308345927,19.0257325019341,561.605963789304
300,53,29.5159816857327,19.0271768467058,561.605803338567
290,53,29.5172248527509,19.0263723620191,561.605711141881
280,53,29.5104813577267,19.0307331314789,561.606095300379
270,53,29.5178166660463,19.0259897087694,561.605676113539
260,53,29.5108571116634,19.0304911654956,561.606105549713
250,53,29.5170970968335,19.0264549546023,561.605718303526
240,53,29.5151470590316,19.0277158583963,561.605831758035
230,53,29.5108625327441,19.0304876741196,561.606105682025
220,53,29.4964579267467,19.0397213730336,561.604340416665
210,53,29.4848814799488,18.6717873383526,550.535436690136
200,53,29.4882829446237,18.6696202513586,550.535044440739
1000,54,29.4972823889435,18.6639373071909,550.535429239747
990,54,29.4950533138184,18.6653466166226,550.535393578184
980,54,29.4940029978199,18.6660098548452,550.535350616142
970,54,29.4936789691537,18.6662144312615,550.535336005012
960,54,29.4941611678322,18.6659099813593,550.535357334459
950,54,29.4937347198808,18.6661792356617,550.535338610354
940,54,29.4941663798975,18.6659066900359,550.535357547563
930,54,29.4937364442101,18.6661781470534,550.535338689866
920,54,29.4924725089205,18.666976735971,550.535298210284
910,54,29.4965837301024,18.2890369703411,539.464110338603
900,54,29.4906731551666,18.2927249727941,539.464773290025
890,54,29.4801089586139,18.2992921696915,539.465127028015
880,54,29.4831550008725,18.2974002353296,539.465087251224
870,54,29.479958351884,18.2993862621266,539.46514487253
860,54,29.4724680044111,18.3040192376019,539.464621332348
850,54,29.4798913489105,18.2994274466945,539.465132875826
840,54,29.4817748265281,18.2982573409144,539.465102642705
830,54,29.4796789498198,18.2995594976152,539.465138912821
820,54,29.4723916309606,18.3040663799295,539.464612788383
810,54,29.479878907621,18.299435160913,539.465132621576
800,54,29.4668828119334,17.9318884867039,528.396856634361
790,54,29.4708902569586,17.9294010201111,528.395409836697
780,54,29.4707968856501,17.9294469811011,528.395090252063
770,54,29.4629016053702,17.9342588824926,528.395304820116
760,54,29.4622866170066,17.9346326064779,528.395286222763
750,54,29.4615382376424,17.9350871444417,528.395255701417
740,54,29.4613182692886,17.935220724602,528.395245997442
730,54,29.4612675208336,17.9352515400844,528.39524367587
720,54,29.469654716193,17.9301437095046,528.395144130821
710,54,29.4622603057985,17.9346485967583,528.395285450717
700,54,29.4622920527452,17.9346293083411,528.395286540068
690,54,29.463998085666,17.5579141967068,517.326350280059
680,54,29.4484428171429,17.5671925662662,517.326465745429
670,54,29.4516111430147,17.5652948960144,517.326234889798
660,54,29.4470059045363,17.56804423714,517.326302382215
650,54,29.4466709843288,17.5682438988945,517.326297863189
640,54,29.4465774726403,17.5682996383614,517.326296363566
630,54,29.4467614890828,17.5681899482491,517.326299200993
620,54,29.4466022568562,17.5682848655557,517.326296771163
610,54,29.4467646225319,17.5681880803384,517.326299246096
600,54,29.4466031319925,17.568284343914,517.326296785231
590,54,29.4467647326985,17.5681880146596,517.326299247494
580,54,29.4295149706844,17.2024491654421,506.259735246816
570,54,29.4315427380846,17.2012220928947,506.258503174315
560,54,29.4278957696441,17.2033470872108,506.25830497145
550,54,29.4304362764805,17.2018610548786,506.258275612475
540,54,29.4299680847543,17.2021346912994,506.258274954585
530,54,29.4297482500429,17.2022631477823,506.258273770223
520,54,29.4297293971248,17.2022741637269,506.258273653633
510,54,29.4297212567329,17.2022789201955,506.258273601925
500,54,29.4297206056031,17.2022793006537,506.25827359779
490,54,29.4297203251817,17.2022794645035,506.258273595955
480,54,29.4297202944968,17.202279482433,506.258273595765
470,54,29.4407536571463,16.8204673499235,495.20723564717
460,54,29.3957078920943,16.84600883614,495.200354894811
450,54,29.3832663392099,16.8530290527634,495.197041279788
440,54,29.3830977100937,16.8531235263945,495.196975296327
430,54,29.3842547259598,16.8524711373386,495.197304661441
420,54,29.3818084811964,16.8538488130512,495.196557996111
410,54,29.3836105538424,16.8528338056398,495.197105273549
400,54,29.3812022180878,16.8541896792852,495.196355189086
390,54,29.3812363405384,16.8541704306261,495.196364745937
380,54,29.383147886829,16.8530942355401,495.19696027354
370,54,29.383335789273,16.8529884775562,495.197019488782
360,54,29.3858585702246,16.4757500994218,484.154062259971
350,54,29.3680965375322,16.4852286950606,484.139787759835
340,54,29.362079204003,16.4885366465364,484.13771897371
330,54,29.3741041236859,16.4818894399225,484.140736563362
320,54,29.3588666682433,16.4903028553871,484.13660285026
310,54,29.357355261968,16.4911327008595,484.13604137139
300,54,29.3587570325335,16.4903626962784,484.13655177839
290,54,29.3724494892626,16.4828062953574,484.140395351685
280,54,29.3637942444452,16.4875911368311,484.138233728448
270,54,29.3643143857459,16.4873045286453,484.138393552673
260,54,29.3644482527266,16.4872307505255,484.138434204568
250,54,29.3916259702778,16.0960877230516,473.090189940712
240,54,29.3761086693838,16.1046289934954,473.091331393031
230,54,29.3707487322238,16.1075676064012,473.091320854916
220,54,29.3879471968578,16.0980921470929,473.089881988918
210,54,29.3870460640455,16.098590657324,473.090025212992
200,54,29.3844644132959,16.1000186007179,473.090423626197
1000,55,29.3555426185648,16.1158564620191,473.089711205474
990,55,29.3553378846201,16.1159675061794,473.089671481453
980,55,29.3552106425124,16.1160365251239,473.089646917435
970,55,29.3551852353079,16.1160503059226,473.089641991898
960,55,29.3551798195048,16.1160532434118,473.089640941066
950,55,29.3351364073882,15.749690406757,462.019316456351
940,55,29.3880773426195,15.7214559061691,462.023362109079
930,55,29.4185891242689,15.7045555260022,462.005866398724
920,55,29.3235323317636,15.7557895808923,462.015405187761
910,55,29.3228761195067,15.7561355027795,462.015209470163
900,55,29.3227737221151,15.7561894689945,462.015178522099
890,55,29.3702305309522,15.7311827441979,462.028463721628
880,55,29.3220476951527,15.7565719924042,462.014955473384
870,55,29.3226712481988,15.7562434715188,462.015147421926
860,55,29.3227414443518,15.7562064795541,462.015168743784
850,55,29.3227527162762,15.7562005392257,462.015172159772
840,55,29.3491771570147,15.3656807336078,450.970085988785
830,55,29.3147484082972,15.3833949588056,450.960352882853
820,55,29.2956390926803,15.3935318956428,450.963354776413
810,55,29.2983668578514,15.3921280944877,450.964215635342
800,55,29.2977369997463,15.3924516368879,450.963999838854
790,55,29.2972420429424,15.3927058244398,450.963828234423
780,55,29.2976237606688,15.392509794829,450.963960701308
770,55,29.2976810583087,15.3924803680603,450.963980519709
760,55,29.296859179829,15.3929024471483,450.963695362949
750,55,29.2976233876487,15.3925099863931,450.963960571965
740,55,29.2976133566153,15.3925151379901,450.963957098681
730,55,29.3164759572632,15.0056594116071,439.913053363261
720,55,29.3094181500135,15.0092553074634,439.912539926754
710,55,29.3016917569729,15.0131987810217,439.91212296766
700,55,29.2939302067579,15.0171475486137,439.911272193676
690,55,29.2930168176973,15.0176107411408,439.911124001869
680,55,29.2982668204979,15.0149421449246,439.91178125634
670,55,29.2926538115427,15.0177949801527,439.911069366337
660,55,29.2982727851241,15.0149391102001,439.911781902671
650,55,29.2927112354026,15.0177658557897,439.911078614535
640,55,29.3078666855216,15.0100398772832,439.912247667778
630,55,29.2924836152616,15.0178812730919,439.911041127987
620,55,29.2949499664026,14.6393570689793,428.85923287605
610,55,29.3082109755999,14.6325902030374,428.855040790116
600,55,29.2768192302666,14.6483490873297,428.857068251592
590,55,29.2709435670621,14.6512653222103,428.856360432473
580,55,29.3168307881011,14.6282023104553,428.852531869727
570,55,29.3165819303358,14.628329112129,428.852608919645
560,55,29.316541197822,14.6283498649107,428.852621470808
550,55,29.3165308638418,14.6283551298902,428.852624652664
540,55,29.3165290403978,14.6283560588969,428.85262521393
530,55,29.3165287424236,14.6283562107084,428.852625305645
520,55,29.316528666696,14.6283562492901,428.852625328953
510,55,29.2648501189443,14.2767734632562,417.807635584314
500,55,29.2670331368307,14.2756464131253,417.805816622615
490,55,29.2337348536752,14.2917765544089,417.802006379562
480,55,29.2274826430883,14.294763458761,417.799950877991
470,55,29.2431985340128,14.2872143343879,417.8038452785
460,55,29.2439132550813,14.2868690432512,417.803958987546
450,55,29.2426158546082,14.2874952946594,417.803736426248
440,55,29.2426573608253,14.2874752842361,417.803744288177
430,55,29.2441054332998,14.2867766280946,417.804002014003
420,55,29.2438714069118,14.2868895464636,417.803960701533
410,55,29.2441150778973,14.2867719741506,417.804003703739
400,55,29.2371231166422,13.912425405248,406.759294424336
390,55,29.2367553129912,13.91253411948,406.757355834877
380,55,29.2276444615537,13.9168491197558,406.756718097308
370,55,29.2234622200002,13.9188244920728,406.756241690904
360,55,29.2530006775761,13.9047543297109,406.755787828563
350,55,29.2535097198482,13.904509957657,406.755717196046
340,55,29.2494652510275,13.9064515073527,406.756270129412
330,55,29.2225971602699,13.9192325684764,406.756126128695
320,55,29.2225889537914,13.9192364695347,406.756125899835
310,55,29.2227228239872,13.9191733477763,406.756144681096
300,55,29.2227340170462,13.9191680698498,406.756146243784
290,55,29.2079352701141,13.548193383449,395.714755370766
280,55,29.229557837638,13.5380487144321,395.711177907253
270,55,29.2150112975659,13.5448378811787,395.712591722335
260,55,29.2108515530939,13.5467673822469,395.712611027107
250,55,29.2108327552423,13.5467753651268,395.712589563555
240,55,29.2106734143463,13.546849209303,395.712588046344
230,55,29.2119058257317,13.5462778628925,395.712593220009
220,55,29.2106664048537,13.5468523051437,395.712583521375
210,55,29.2106003934829,13.5468828948944,395.712582820067
200,55,29.2156427343823,13.5391167770007,395.553998695933
